productCode,marketCountry,signalDate,marketPricePerUnit,currency,source,reliabilityScore,trend,percentageChange
H110MA,Vietnam,2025-02-15,1027,USD,"SEA CFR public reporting (proxy, 2024-2026)",0.9,STABLE,0.0
H110MA,Vietnam,2025-03-15,1032,USD,"SEA CFR public reporting (proxy, 2024-2026)",0.9,STABLE,0.5
H110MA,Vietnam,2025-04-15,1012,USD,"SEA CFR public reporting (proxy, 2024-2026)",0.9,DOWN,-1.9
H110MA,Vietnam,2025-05-15,992,USD,"SEA CFR public reporting (proxy, 2024-2026)",0.9,DOWN,-2.0
H110MA,Vietnam,2025-06-15,977,USD,"SEA CFR public reporting (proxy, 2024-2026)",0.9,DOWN,-1.5
H110MA,Vietnam,2025-07-15,967,USD,"SEA CFR public reporting (proxy, 2024-2026)",0.9,DOWN,-1.0
H110MA,Vietnam,2025-08-15,962,USD,"SEA CFR public reporting (proxy, 2024-2026)",0.9,STABLE,-0.5
H110MA,Vietnam,2025-09-15,987,USD,"SEA CFR public reporting (proxy, 2024-2026)",0.9,UP,2.6
H110MA,Vietnam,2025-10-15,977,USD,"SEA CFR public reporting (proxy, 2024-2026)",0.9,DOWN,-1.0
H110MA,Vietnam,2025-11-15,967,USD,"SEA CFR public reporting (proxy, 2024-2026)",0.9,DOWN,-1.0
H110MA,Vietnam,2025-12-15,962,USD,"SEA CFR public reporting (proxy, 2024-2026)",0.9,STABLE,-0.5
H110MA,Vietnam,2026-01-15,982,USD,"SEA CFR public reporting (proxy, 2024-2026)",0.9,UP,2.1
H110MA,Vietnam,2026-02-15,1082,USD,"SEA CFR public reporting (proxy, 2024-2026)",0.9,UP,10.2
H110MA,Vietnam,2026-03-15,1182,USD,"SEA CFR public reporting (proxy, 2024-2026)",0.9,UP,9.2
H110MA,Vietnam,2026-04-15,1162,USD,"SEA CFR public reporting (proxy, 2024-2026)",0.9,DOWN,-1.7
H110MA,Vietnam,2026-05-15,1192,USD,"SEA CFR public reporting (proxy, 2024-2026)",0.9,UP,2.6
H110MA,Vietnam,2026-06-15,1232,USD,"SEA CFR public reporting (proxy, 2024-2026)",0.9,UP,3.4
H110MA,Vietnam,2026-07-15,1252,USD,"SEA CFR public reporting (proxy, 2024-2026)",0.9,UP,1.6
H110MA,Indonesia,2025-02-15,1042,USD,"SEA CFR public reporting (proxy, 2024-2026)",0.9,STABLE,0.0
H110MA,Indonesia,2025-03-15,1047,USD,"SEA CFR public reporting (proxy, 2024-2026)",0.9,STABLE,0.5
H110MA,Indonesia,2025-04-15,1027,USD,"SEA CFR public reporting (proxy, 2024-2026)",0.9,DOWN,-1.9
H110MA,Indonesia,2025-05-15,1007,USD,"SEA CFR public reporting (proxy, 2024-2026)",0.9,DOWN,-1.9
H110MA,Indonesia,2025-06-15,992,USD,"SEA CFR public reporting (proxy, 2024-2026)",0.9,DOWN,-1.5
H110MA,Indonesia,2025-07-15,982,USD,"SEA CFR public reporting (proxy, 2024-2026)",0.9,DOWN,-1.0
H110MA,Indonesia,2025-08-15,977,USD,"SEA CFR public reporting (proxy, 2024-2026)",0.9,STABLE,-0.5
H110MA,Indonesia,2025-09-15,1002,USD,"SEA CFR public reporting (proxy, 2024-2026)",0.9,UP,2.6
H110MA,Indonesia,2025-10-15,992,USD,"SEA CFR public reporting (proxy, 2024-2026)",0.9,STABLE,-1.0
H110MA,Indonesia,2025-11-15,982,USD,"SEA CFR public reporting (proxy, 2024-2026)",0.9,DOWN,-1.0
H110MA,Indonesia,2025-12-15,977,USD,"SEA CFR public reporting (proxy, 2024-2026)",0.9,STABLE,-0.5
H110MA,Indonesia,2026-01-15,997,USD,"SEA CFR public reporting (proxy, 2024-2026)",0.9,UP,2.0
H110MA,Indonesia,2026-02-15,1097,USD,"SEA CFR public reporting (proxy, 2024-2026)",0.9,UP,10.0
H110MA,Indonesia,2026-03-15,1197,USD,"SEA CFR public reporting (proxy, 2024-2026)",0.9,UP,9.1
H110MA,Indonesia,2026-04-15,1177,USD,"SEA CFR public reporting (proxy, 2024-2026)",0.9,DOWN,-1.7
H110MA,Indonesia,2026-05-15,1207,USD,"SEA CFR public reporting (proxy, 2024-2026)",0.9,UP,2.5
H110MA,Indonesia,2026-06-15,1247,USD,"SEA CFR public reporting (proxy, 2024-2026)",0.9,UP,3.3
H110MA,Indonesia,2026-07-15,1267,USD,"SEA CFR public reporting (proxy, 2024-2026)",0.9,UP,1.6
H110MA,Thailand,2025-02-15,1014,USD,"SEA CFR public reporting (proxy, 2024-2026)",0.9,STABLE,0.0
H110MA,Thailand,2025-03-15,1019,USD,"SEA CFR public reporting (proxy, 2024-2026)",0.9,STABLE,0.5
H110MA,Thailand,2025-04-15,999,USD,"SEA CFR public reporting (proxy, 2024-2026)",0.9,DOWN,-2.0
H110MA,Thailand,2025-05-15,979,USD,"SEA CFR public reporting (proxy, 2024-2026)",0.9,DOWN,-2.0
H110MA,Thailand,2025-06-15,964,USD,"SEA CFR public reporting (proxy, 2024-2026)",0.9,DOWN,-1.5
H110MA,Thailand,2025-07-15,954,USD,"SEA CFR public reporting (proxy, 2024-2026)",0.9,DOWN,-1.0
H110MA,Thailand,2025-08-15,949,USD,"SEA CFR public reporting (proxy, 2024-2026)",0.9,STABLE,-0.5
H110MA,Thailand,2025-09-15,974,USD,"SEA CFR public reporting (proxy, 2024-2026)",0.9,UP,2.6
H110MA,Thailand,2025-10-15,964,USD,"SEA CFR public reporting (proxy, 2024-2026)",0.9,DOWN,-1.0
H110MA,Thailand,2025-11-15,954,USD,"SEA CFR public reporting (proxy, 2024-2026)",0.9,DOWN,-1.0
H110MA,Thailand,2025-12-15,949,USD,"SEA CFR public reporting (proxy, 2024-2026)",0.9,STABLE,-0.5
H110MA,Thailand,2026-01-15,969,USD,"SEA CFR public reporting (proxy, 2024-2026)",0.9,UP,2.1
H110MA,Thailand,2026-02-15,1069,USD,"SEA CFR public reporting (proxy, 2024-2026)",0.9,UP,10.3
H110MA,Thailand,2026-03-15,1169,USD,"SEA CFR public reporting (proxy, 2024-2026)",0.9,UP,9.4
H110MA,Thailand,2026-04-15,1149,USD,"SEA CFR public reporting (proxy, 2024-2026)",0.9,DOWN,-1.7
H110MA,Thailand,2026-05-15,1179,USD,"SEA CFR public reporting (proxy, 2024-2026)",0.9,UP,2.6
H110MA,Thailand,2026-06-15,1219,USD,"SEA CFR public reporting (proxy, 2024-2026)",0.9,UP,3.4
H110MA,Thailand,2026-07-15,1239,USD,"SEA CFR public reporting (proxy, 2024-2026)",0.9,UP,1.6
H110MA,Malaysia,2025-02-15,992,USD,"SEA CFR public reporting (proxy, 2024-2026)",0.9,STABLE,0.0
H110MA,Malaysia,2025-03-15,997,USD,"SEA CFR public reporting (proxy, 2024-2026)",0.9,STABLE,0.5
H110MA,Malaysia,2025-04-15,977,USD,"SEA CFR public reporting (proxy, 2024-2026)",0.9,DOWN,-2.0
H110MA,Malaysia,2025-05-15,957,USD,"SEA CFR public reporting (proxy, 2024-2026)",0.9,DOWN,-2.0
H110MA,Malaysia,2025-06-15,942,USD,"SEA CFR public reporting (proxy, 2024-2026)",0.9,DOWN,-1.6
H110MA,Malaysia,2025-07-15,932,USD,"SEA CFR public reporting (proxy, 2024-2026)",0.9,DOWN,-1.1
H110MA,Malaysia,2025-08-15,927,USD,"SEA CFR public reporting (proxy, 2024-2026)",0.9,STABLE,-0.5
H110MA,Malaysia,2025-09-15,952,USD,"SEA CFR public reporting (proxy, 2024-2026)",0.9,UP,2.7
H110MA,Malaysia,2025-10-15,942,USD,"SEA CFR public reporting (proxy, 2024-2026)",0.9,DOWN,-1.1
H110MA,Malaysia,2025-11-15,932,USD,"SEA CFR public reporting (proxy, 2024-2026)",0.9,DOWN,-1.1
H110MA,Malaysia,2025-12-15,927,USD,"SEA CFR public reporting (proxy, 2024-2026)",0.9,STABLE,-0.5
H110MA,Malaysia,2026-01-15,947,USD,"SEA CFR public reporting (proxy, 2024-2026)",0.9,UP,2.2
H110MA,Malaysia,2026-02-15,1047,USD,"SEA CFR public reporting (proxy, 2024-2026)",0.9,UP,10.6
H110MA,Malaysia,2026-03-15,1147,USD,"SEA CFR public reporting (proxy, 2024-2026)",0.9,UP,9.6
H110MA,Malaysia,2026-04-15,1127,USD,"SEA CFR public reporting (proxy, 2024-2026)",0.9,DOWN,-1.7
H110MA,Malaysia,2026-05-15,1157,USD,"SEA CFR public reporting (proxy, 2024-2026)",0.9,UP,2.7
H110MA,Malaysia,2026-06-15,1197,USD,"SEA CFR public reporting (proxy, 2024-2026)",0.9,UP,3.5
H110MA,Malaysia,2026-07-15,1217,USD,"SEA CFR public reporting (proxy, 2024-2026)",0.9,UP,1.7
H110MA,Singapore,2025-02-15,1055,USD,"SEA CFR public reporting (proxy, 2024-2026)",0.9,STABLE,0.0
H110MA,Singapore,2025-03-15,1060,USD,"SEA CFR public reporting (proxy, 2024-2026)",0.9,STABLE,0.5
H110MA,Singapore,2025-04-15,1040,USD,"SEA CFR public reporting (proxy, 2024-2026)",0.9,DOWN,-1.9
H110MA,Singapore,2025-05-15,1020,USD,"SEA CFR public reporting (proxy, 2024-2026)",0.9,DOWN,-1.9
H110MA,Singapore,2025-06-15,1005,USD,"SEA CFR public reporting (proxy, 2024-2026)",0.9,DOWN,-1.5
H110MA,Singapore,2025-07-15,995,USD,"SEA CFR public reporting (proxy, 2024-2026)",0.9,STABLE,-1.0
H110MA,Singapore,2025-08-15,990,USD,"SEA CFR public reporting (proxy, 2024-2026)",0.9,STABLE,-0.5
H110MA,Singapore,2025-09-15,1015,USD,"SEA CFR public reporting (proxy, 2024-2026)",0.9,UP,2.5
H110MA,Singapore,2025-10-15,1005,USD,"SEA CFR public reporting (proxy, 2024-2026)",0.9,STABLE,-1.0
H110MA,Singapore,2025-11-15,995,USD,"SEA CFR public reporting (proxy, 2024-2026)",0.9,STABLE,-1.0
H110MA,Singapore,2025-12-15,990,USD,"SEA CFR public reporting (proxy, 2024-2026)",0.9,STABLE,-0.5
H110MA,Singapore,2026-01-15,1010,USD,"SEA CFR public reporting (proxy, 2024-2026)",0.9,UP,2.0
H110MA,Singapore,2026-02-15,1110,USD,"SEA CFR public reporting (proxy, 2024-2026)",0.9,UP,9.9
H110MA,Singapore,2026-03-15,1210,USD,"SEA CFR public reporting (proxy, 2024-2026)",0.9,UP,9.0
H110MA,Singapore,2026-04-15,1190,USD,"SEA CFR public reporting (proxy, 2024-2026)",0.9,DOWN,-1.7
H110MA,Singapore,2026-05-15,1220,USD,"SEA CFR public reporting (proxy, 2024-2026)",0.9,UP,2.5
H110MA,Singapore,2026-06-15,1260,USD,"SEA CFR public reporting (proxy, 2024-2026)",0.9,UP,3.3
H110MA,Singapore,2026-07-15,1280,USD,"SEA CFR public reporting (proxy, 2024-2026)",0.9,UP,1.6
T1000,Vietnam,2025-02-15,1014,USD,"SEA CFR public reporting (proxy, 2024-2026)",0.9,STABLE,0.0
T1000,Vietnam,2025-03-15,1019,USD,"SEA CFR public reporting (proxy, 2024-2026)",0.9,STABLE,0.5
T1000,Vietnam,2025-04-15,999,USD,"SEA CFR public reporting (proxy, 2024-2026)",0.9,DOWN,-2.0
T1000,Vietnam,2025-05-15,979,USD,"SEA CFR public reporting (proxy, 2024-2026)",0.9,DOWN,-2.0
T1000,Vietnam,2025-06-15,964,USD,"SEA CFR public reporting (proxy, 2024-2026)",0.9,DOWN,-1.5
T1000,Vietnam,2025-07-15,954,USD,"SEA CFR public reporting (proxy, 2024-2026)",0.9,DOWN,-1.0
T1000,Vietnam,2025-08-15,949,USD,"SEA CFR public reporting (proxy, 2024-2026)",0.9,STABLE,-0.5
T1000,Vietnam,2025-09-15,974,USD,"SEA CFR public reporting (proxy, 2024-2026)",0.9,UP,2.6
T1000,Vietnam,2025-10-15,964,USD,"SEA CFR public reporting (proxy, 2024-2026)",0.9,DOWN,-1.0
T1000,Vietnam,2025-11-15,954,USD,"SEA CFR public reporting (proxy, 2024-2026)",0.9,DOWN,-1.0
T1000,Vietnam,2025-12-15,949,USD,"SEA CFR public reporting (proxy, 2024-2026)",0.9,STABLE,-0.5
T1000,Vietnam,2026-01-15,969,USD,"SEA CFR public reporting (proxy, 2024-2026)",0.9,UP,2.1
T1000,Vietnam,2026-02-15,1069,USD,"SEA CFR public reporting (proxy, 2024-2026)",0.9,UP,10.3
T1000,Vietnam,2026-03-15,1169,USD,"SEA CFR public reporting (proxy, 2024-2026)",0.9,UP,9.4
T1000,Vietnam,2026-04-15,1149,USD,"SEA CFR public reporting (proxy, 2024-2026)",0.9,DOWN,-1.7
T1000,Vietnam,2026-05-15,1179,USD,"SEA CFR public reporting (proxy, 2024-2026)",0.9,UP,2.6
T1000,Vietnam,2026-06-15,1219,USD,"SEA CFR public reporting (proxy, 2024-2026)",0.9,UP,3.4
T1000,Vietnam,2026-07-15,1239,USD,"SEA CFR public reporting (proxy, 2024-2026)",0.9,UP,1.6
T1000,Indonesia,2025-02-15,1034,USD,"SEA CFR public reporting (proxy, 2024-2026)",0.9,STABLE,0.0
T1000,Indonesia,2025-03-15,1039,USD,"SEA CFR public reporting (proxy, 2024-2026)",0.9,STABLE,0.5
T1000,Indonesia,2025-04-15,1019,USD,"SEA CFR public reporting (proxy, 2024-2026)",0.9,DOWN,-1.9
T1000,Indonesia,2025-05-15,999,USD,"SEA CFR public reporting (proxy, 2024-2026)",0.9,DOWN,-2.0
T1000,Indonesia,2025-06-15,984,USD,"SEA CFR public reporting (proxy, 2024-2026)",0.9,DOWN,-1.5
T1000,Indonesia,2025-07-15,974,USD,"SEA CFR public reporting (proxy, 2024-2026)",0.9,DOWN,-1.0
T1000,Indonesia,2025-08-15,969,USD,"SEA CFR public reporting (proxy, 2024-2026)",0.9,STABLE,-0.5
T1000,Indonesia,2025-09-15,994,USD,"SEA CFR public reporting (proxy, 2024-2026)",0.9,UP,2.6
T1000,Indonesia,2025-10-15,984,USD,"SEA CFR public reporting (proxy, 2024-2026)",0.9,DOWN,-1.0
T1000,Indonesia,2025-11-15,974,USD,"SEA CFR public reporting (proxy, 2024-2026)",0.9,DOWN,-1.0
T1000,Indonesia,2025-12-15,969,USD,"SEA CFR public reporting (proxy, 2024-2026)",0.9,STABLE,-0.5
T1000,Indonesia,2026-01-15,989,USD,"SEA CFR public reporting (proxy, 2024-2026)",0.9,UP,2.1
T1000,Indonesia,2026-02-15,1089,USD,"SEA CFR public reporting (proxy, 2024-2026)",0.9,UP,10.1
T1000,Indonesia,2026-03-15,1189,USD,"SEA CFR public reporting (proxy, 2024-2026)",0.9,UP,9.2
T1000,Indonesia,2026-04-15,1169,USD,"SEA CFR public reporting (proxy, 2024-2026)",0.9,DOWN,-1.7
T1000,Indonesia,2026-05-15,1199,USD,"SEA CFR public reporting (proxy, 2024-2026)",0.9,UP,2.6
T1000,Indonesia,2026-06-15,1239,USD,"SEA CFR public reporting (proxy, 2024-2026)",0.9,UP,3.3
T1000,Indonesia,2026-07-15,1259,USD,"SEA CFR public reporting (proxy, 2024-2026)",0.9,UP,1.6
T1000,Thailand,2025-02-15,1007,USD,"SEA CFR public reporting (proxy, 2024-2026)",0.9,STABLE,0.0
T1000,Thailand,2025-03-15,1012,USD,"SEA CFR public reporting (proxy, 2024-2026)",0.9,STABLE,0.5
T1000,Thailand,2025-04-15,992,USD,"SEA CFR public reporting (proxy, 2024-2026)",0.9,DOWN,-2.0
T1000,Thailand,2025-05-15,972,USD,"SEA CFR public reporting (proxy, 2024-2026)",0.9,DOWN,-2.0
T1000,Thailand,2025-06-15,957,USD,"SEA CFR public reporting (proxy, 2024-2026)",0.9,DOWN,-1.5
T1000,Thailand,2025-07-15,947,USD,"SEA CFR public reporting (proxy, 2024-2026)",0.9,DOWN,-1.0
T1000,Thailand,2025-08-15,942,USD,"SEA CFR public reporting (proxy, 2024-2026)",0.9,STABLE,-0.5
T1000,Thailand,2025-09-15,967,USD,"SEA CFR public reporting (proxy, 2024-2026)",0.9,UP,2.7
T1000,Thailand,2025-10-15,957,USD,"SEA CFR public reporting (proxy, 2024-2026)",0.9,DOWN,-1.0
T1000,Thailand,2025-11-15,947,USD,"SEA CFR public reporting (proxy, 2024-2026)",0.9,DOWN,-1.0
T1000,Thailand,2025-12-15,942,USD,"SEA CFR public reporting (proxy, 2024-2026)",0.9,STABLE,-0.5
T1000,Thailand,2026-01-15,962,USD,"SEA CFR public reporting (proxy, 2024-2026)",0.9,UP,2.1
T1000,Thailand,2026-02-15,1062,USD,"SEA CFR public reporting (proxy, 2024-2026)",0.9,UP,10.4
T1000,Thailand,2026-03-15,1162,USD,"SEA CFR public reporting (proxy, 2024-2026)",0.9,UP,9.4
T1000,Thailand,2026-04-15,1142,USD,"SEA CFR public reporting (proxy, 2024-2026)",0.9,DOWN,-1.7
T1000,Thailand,2026-05-15,1172,USD,"SEA CFR public reporting (proxy, 2024-2026)",0.9,UP,2.6
T1000,Thailand,2026-06-15,1212,USD,"SEA CFR public reporting (proxy, 2024-2026)",0.9,UP,3.4
T1000,Thailand,2026-07-15,1232,USD,"SEA CFR public reporting (proxy, 2024-2026)",0.9,UP,1.7
T1000,Malaysia,2025-02-15,985,USD,"SEA CFR public reporting (proxy, 2024-2026)",0.9,STABLE,0.0
T1000,Malaysia,2025-03-15,990,USD,"SEA CFR public reporting (proxy, 2024-2026)",0.9,STABLE,0.5
T1000,Malaysia,2025-04-15,970,USD,"SEA CFR public reporting (proxy, 2024-2026)",0.9,DOWN,-2.0
T1000,Malaysia,2025-05-15,950,USD,"SEA CFR public reporting (proxy, 2024-2026)",0.9,DOWN,-2.1
T1000,Malaysia,2025-06-15,935,USD,"SEA CFR public reporting (proxy, 2024-2026)",0.9,DOWN,-1.6
T1000,Malaysia,2025-07-15,925,USD,"SEA CFR public reporting (proxy, 2024-2026)",0.9,DOWN,-1.1
T1000,Malaysia,2025-08-15,920,USD,"SEA CFR public reporting (proxy, 2024-2026)",0.9,STABLE,-0.5
T1000,Malaysia,2025-09-15,945,USD,"SEA CFR public reporting (proxy, 2024-2026)",0.9,UP,2.7
T1000,Malaysia,2025-10-15,935,USD,"SEA CFR public reporting (proxy, 2024-2026)",0.9,DOWN,-1.1
T1000,Malaysia,2025-11-15,925,USD,"SEA CFR public reporting (proxy, 2024-2026)",0.9,DOWN,-1.1
T1000,Malaysia,2025-12-15,920,USD,"SEA CFR public reporting (proxy, 2024-2026)",0.9,STABLE,-0.5
T1000,Malaysia,2026-01-15,940,USD,"SEA CFR public reporting (proxy, 2024-2026)",0.9,UP,2.2
T1000,Malaysia,2026-02-15,1040,USD,"SEA CFR public reporting (proxy, 2024-2026)",0.9,UP,10.6
T1000,Malaysia,2026-03-15,1140,USD,"SEA CFR public reporting (proxy, 2024-2026)",0.9,UP,9.6
T1000,Malaysia,2026-04-15,1120,USD,"SEA CFR public reporting (proxy, 2024-2026)",0.9,DOWN,-1.8
T1000,Malaysia,2026-05-15,1150,USD,"SEA CFR public reporting (proxy, 2024-2026)",0.9,UP,2.7
T1000,Malaysia,2026-06-15,1190,USD,"SEA CFR public reporting (proxy, 2024-2026)",0.9,UP,3.5
T1000,Malaysia,2026-07-15,1210,USD,"SEA CFR public reporting (proxy, 2024-2026)",0.9,UP,1.7
T1000,Singapore,2025-02-15,1042,USD,"SEA CFR public reporting (proxy, 2024-2026)",0.9,STABLE,0.0
T1000,Singapore,2025-03-15,1047,USD,"SEA CFR public reporting (proxy, 2024-2026)",0.9,STABLE,0.5
T1000,Singapore,2025-04-15,1027,USD,"SEA CFR public reporting (proxy, 2024-2026)",0.9,DOWN,-1.9
T1000,Singapore,2025-05-15,1007,USD,"SEA CFR public reporting (proxy, 2024-2026)",0.9,DOWN,-1.9
T1000,Singapore,2025-06-15,992,USD,"SEA CFR public reporting (proxy, 2024-2026)",0.9,DOWN,-1.5
T1000,Singapore,2025-07-15,982,USD,"SEA CFR public reporting (proxy, 2024-2026)",0.9,DOWN,-1.0
T1000,Singapore,2025-08-15,977,USD,"SEA CFR public reporting (proxy, 2024-2026)",0.9,STABLE,-0.5
T1000,Singapore,2025-09-15,1002,USD,"SEA CFR public reporting (proxy, 2024-2026)",0.9,UP,2.6
T1000,Singapore,2025-10-15,992,USD,"SEA CFR public reporting (proxy, 2024-2026)",0.9,STABLE,-1.0
T1000,Singapore,2025-11-15,982,USD,"SEA CFR public reporting (proxy, 2024-2026)",0.9,DOWN,-1.0
T1000,Singapore,2025-12-15,977,USD,"SEA CFR public reporting (proxy, 2024-2026)",0.9,STABLE,-0.5
T1000,Singapore,2026-01-15,997,USD,"SEA CFR public reporting (proxy, 2024-2026)",0.9,UP,2.0
T1000,Singapore,2026-02-15,1097,USD,"SEA CFR public reporting (proxy, 2024-2026)",0.9,UP,10.0
T1000,Singapore,2026-03-15,1197,USD,"SEA CFR public reporting (proxy, 2024-2026)",0.9,UP,9.1
T1000,Singapore,2026-04-15,1177,USD,"SEA CFR public reporting (proxy, 2024-2026)",0.9,DOWN,-1.7
T1000,Singapore,2026-05-15,1207,USD,"SEA CFR public reporting (proxy, 2024-2026)",0.9,UP,2.5
T1000,Singapore,2026-06-15,1247,USD,"SEA CFR public reporting (proxy, 2024-2026)",0.9,UP,3.3
T1000,Singapore,2026-07-15,1267,USD,"SEA CFR public reporting (proxy, 2024-2026)",0.9,UP,1.6
K8003,Vietnam,2025-02-15,1100,USD,"SEA CFR public reporting (proxy, 2024-2026)",0.9,STABLE,0.0
K8003,Vietnam,2025-03-15,1105,USD,"SEA CFR public reporting (proxy, 2024-2026)",0.9,STABLE,0.5
K8003,Vietnam,2025-04-15,1085,USD,"SEA CFR public reporting (proxy, 2024-2026)",0.9,DOWN,-1.8
K8003,Vietnam,2025-05-15,1065,USD,"SEA CFR public reporting (proxy, 2024-2026)",0.9,DOWN,-1.8
K8003,Vietnam,2025-06-15,1050,USD,"SEA CFR public reporting (proxy, 2024-2026)",0.9,DOWN,-1.4
K8003,Vietnam,2025-07-15,1040,USD,"SEA CFR public reporting (proxy, 2024-2026)",0.9,STABLE,-1.0
K8003,Vietnam,2025-08-15,1035,USD,"SEA CFR public reporting (proxy, 2024-2026)",0.9,STABLE,-0.5
K8003,Vietnam,2025-09-15,1060,USD,"SEA CFR public reporting (proxy, 2024-2026)",0.9,UP,2.4
K8003,Vietnam,2025-10-15,1050,USD,"SEA CFR public reporting (proxy, 2024-2026)",0.9,STABLE,-0.9
K8003,Vietnam,2025-11-15,1040,USD,"SEA CFR public reporting (proxy, 2024-2026)",0.9,STABLE,-1.0
K8003,Vietnam,2025-12-15,1035,USD,"SEA CFR public reporting (proxy, 2024-2026)",0.9,STABLE,-0.5
K8003,Vietnam,2026-01-15,1055,USD,"SEA CFR public reporting (proxy, 2024-2026)",0.9,UP,1.9
K8003,Vietnam,2026-02-15,1155,USD,"SEA CFR public reporting (proxy, 2024-2026)",0.9,UP,9.5
K8003,Vietnam,2026-03-15,1255,USD,"SEA CFR public reporting (proxy, 2024-2026)",0.9,UP,8.7
K8003,Vietnam,2026-04-15,1235,USD,"SEA CFR public reporting (proxy, 2024-2026)",0.9,DOWN,-1.6
K8003,Vietnam,2026-05-15,1265,USD,"SEA CFR public reporting (proxy, 2024-2026)",0.9,UP,2.4
K8003,Vietnam,2026-06-15,1305,USD,"SEA CFR public reporting (proxy, 2024-2026)",0.9,UP,3.2
K8003,Vietnam,2026-07-15,1325,USD,"SEA CFR public reporting (proxy, 2024-2026)",0.9,UP,1.5
K8003,Indonesia,2025-02-15,1112,USD,"SEA CFR public reporting (proxy, 2024-2026)",0.9,STABLE,0.0
K8003,Indonesia,2025-03-15,1117,USD,"SEA CFR public reporting (proxy, 2024-2026)",0.9,STABLE,0.4
K8003,Indonesia,2025-04-15,1097,USD,"SEA CFR public reporting (proxy, 2024-2026)",0.9,DOWN,-1.8
K8003,Indonesia,2025-05-15,1077,USD,"SEA CFR public reporting (proxy, 2024-2026)",0.9,DOWN,-1.8
K8003,Indonesia,2025-06-15,1062,USD,"SEA CFR public reporting (proxy, 2024-2026)",0.9,DOWN,-1.4
K8003,Indonesia,2025-07-15,1052,USD,"SEA CFR public reporting (proxy, 2024-2026)",0.9,STABLE,-0.9
K8003,Indonesia,2025-08-15,1047,USD,"SEA CFR public reporting (proxy, 2024-2026)",0.9,STABLE,-0.5
K8003,Indonesia,2025-09-15,1072,USD,"SEA CFR public reporting (proxy, 2024-2026)",0.9,UP,2.4
K8003,Indonesia,2025-10-15,1062,USD,"SEA CFR public reporting (proxy, 2024-2026)",0.9,STABLE,-0.9
K8003,Indonesia,2025-11-15,1052,USD,"SEA CFR public reporting (proxy, 2024-2026)",0.9,STABLE,-0.9
K8003,Indonesia,2025-12-15,1047,USD,"SEA CFR public reporting (proxy, 2024-2026)",0.9,STABLE,-0.5
K8003,Indonesia,2026-01-15,1067,USD,"SEA CFR public reporting (proxy, 2024-2026)",0.9,UP,1.9
K8003,Indonesia,2026-02-15,1167,USD,"SEA CFR public reporting (proxy, 2024-2026)",0.9,UP,9.4
K8003,Indonesia,2026-03-15,1267,USD,"SEA CFR public reporting (proxy, 2024-2026)",0.9,UP,8.6
K8003,Indonesia,2026-04-15,1247,USD,"SEA CFR public reporting (proxy, 2024-2026)",0.9,DOWN,-1.6
K8003,Indonesia,2026-05-15,1277,USD,"SEA CFR public reporting (proxy, 2024-2026)",0.9,UP,2.4
K8003,Indonesia,2026-06-15,1317,USD,"SEA CFR public reporting (proxy, 2024-2026)",0.9,UP,3.1
K8003,Indonesia,2026-07-15,1337,USD,"SEA CFR public reporting (proxy, 2024-2026)",0.9,UP,1.5
K8003,Thailand,2025-02-15,1082,USD,"SEA CFR public reporting (proxy, 2024-2026)",0.9,STABLE,0.0
K8003,Thailand,2025-03-15,1087,USD,"SEA CFR public reporting (proxy, 2024-2026)",0.9,STABLE,0.5
K8003,Thailand,2025-04-15,1067,USD,"SEA CFR public reporting (proxy, 2024-2026)",0.9,DOWN,-1.8
K8003,Thailand,2025-05-15,1047,USD,"SEA CFR public reporting (proxy, 2024-2026)",0.9,DOWN,-1.9
K8003,Thailand,2025-06-15,1032,USD,"SEA CFR public reporting (proxy, 2024-2026)",0.9,DOWN,-1.4
K8003,Thailand,2025-07-15,1022,USD,"SEA CFR public reporting (proxy, 2024-2026)",0.9,STABLE,-1.0
K8003,Thailand,2025-08-15,1017,USD,"SEA CFR public reporting (proxy, 2024-2026)",0.9,STABLE,-0.5
K8003,Thailand,2025-09-15,1042,USD,"SEA CFR public reporting (proxy, 2024-2026)",0.9,UP,2.5
K8003,Thailand,2025-10-15,1032,USD,"SEA CFR public reporting (proxy, 2024-2026)",0.9,STABLE,-1.0
K8003,Thailand,2025-11-15,1022,USD,"SEA CFR public reporting (proxy, 2024-2026)",0.9,STABLE,-1.0
K8003,Thailand,2025-12-15,1017,USD,"SEA CFR public reporting (proxy, 2024-2026)",0.9,STABLE,-0.5
K8003,Thailand,2026-01-15,1037,USD,"SEA CFR public reporting (proxy, 2024-2026)",0.9,UP,2.0
K8003,Thailand,2026-02-15,1137,USD,"SEA CFR public reporting (proxy, 2024-2026)",0.9,UP,9.6
K8003,Thailand,2026-03-15,1237,USD,"SEA CFR public reporting (proxy, 2024-2026)",0.9,UP,8.8
K8003,Thailand,2026-04-15,1217,USD,"SEA CFR public reporting (proxy, 2024-2026)",0.9,DOWN,-1.6
K8003,Thailand,2026-05-15,1247,USD,"SEA CFR public reporting (proxy, 2024-2026)",0.9,UP,2.5
K8003,Thailand,2026-06-15,1287,USD,"SEA CFR public reporting (proxy, 2024-2026)",0.9,UP,3.2
K8003,Thailand,2026-07-15,1307,USD,"SEA CFR public reporting (proxy, 2024-2026)",0.9,UP,1.6
K8003,Malaysia,2025-02-15,1060,USD,"SEA CFR public reporting (proxy, 2024-2026)",0.9,STABLE,0.0
K8003,Malaysia,2025-03-15,1065,USD,"SEA CFR public reporting (proxy, 2024-2026)",0.9,STABLE,0.5
K8003,Malaysia,2025-04-15,1045,USD,"SEA CFR public reporting (proxy, 2024-2026)",0.9,DOWN,-1.9
K8003,Malaysia,2025-05-15,1025,USD,"SEA CFR public reporting (proxy, 2024-2026)",0.9,DOWN,-1.9
K8003,Malaysia,2025-06-15,1010,USD,"SEA CFR public reporting (proxy, 2024-2026)",0.9,DOWN,-1.5
K8003,Malaysia,2025-07-15,1000,USD,"SEA CFR public reporting (proxy, 2024-2026)",0.9,STABLE,-1.0
K8003,Malaysia,2025-08-15,995,USD,"SEA CFR public reporting (proxy, 2024-2026)",0.9,STABLE,-0.5
K8003,Malaysia,2025-09-15,1020,USD,"SEA CFR public reporting (proxy, 2024-2026)",0.9,UP,2.5
K8003,Malaysia,2025-10-15,1010,USD,"SEA CFR public reporting (proxy, 2024-2026)",0.9,STABLE,-1.0
K8003,Malaysia,2025-11-15,1000,USD,"SEA CFR public reporting (proxy, 2024-2026)",0.9,STABLE,-1.0
K8003,Malaysia,2025-12-15,995,USD,"SEA CFR public reporting (proxy, 2024-2026)",0.9,STABLE,-0.5
K8003,Malaysia,2026-01-15,1015,USD,"SEA CFR public reporting (proxy, 2024-2026)",0.9,UP,2.0
K8003,Malaysia,2026-02-15,1115,USD,"SEA CFR public reporting (proxy, 2024-2026)",0.9,UP,9.9
K8003,Malaysia,2026-03-15,1215,USD,"SEA CFR public reporting (proxy, 2024-2026)",0.9,UP,9.0
K8003,Malaysia,2026-04-15,1195,USD,"SEA CFR public reporting (proxy, 2024-2026)",0.9,DOWN,-1.6
K8003,Malaysia,2026-05-15,1225,USD,"SEA CFR public reporting (proxy, 2024-2026)",0.9,UP,2.5
K8003,Malaysia,2026-06-15,1265,USD,"SEA CFR public reporting (proxy, 2024-2026)",0.9,UP,3.3
K8003,Malaysia,2026-07-15,1285,USD,"SEA CFR public reporting (proxy, 2024-2026)",0.9,UP,1.6
K8003,Singapore,2025-02-15,1117,USD,"SEA CFR public reporting (proxy, 2024-2026)",0.9,STABLE,0.0
K8003,Singapore,2025-03-15,1122,USD,"SEA CFR public reporting (proxy, 2024-2026)",0.9,STABLE,0.4
K8003,Singapore,2025-04-15,1102,USD,"SEA CFR public reporting (proxy, 2024-2026)",0.9,DOWN,-1.8
K8003,Singapore,2025-05-15,1082,USD,"SEA CFR public reporting (proxy, 2024-2026)",0.9,DOWN,-1.8
K8003,Singapore,2025-06-15,1067,USD,"SEA CFR public reporting (proxy, 2024-2026)",0.9,DOWN,-1.4
K8003,Singapore,2025-07-15,1057,USD,"SEA CFR public reporting (proxy, 2024-2026)",0.9,STABLE,-0.9
K8003,Singapore,2025-08-15,1052,USD,"SEA CFR public reporting (proxy, 2024-2026)",0.9,STABLE,-0.5
K8003,Singapore,2025-09-15,1077,USD,"SEA CFR public reporting (proxy, 2024-2026)",0.9,UP,2.4
K8003,Singapore,2025-10-15,1067,USD,"SEA CFR public reporting (proxy, 2024-2026)",0.9,STABLE,-0.9
K8003,Singapore,2025-11-15,1057,USD,"SEA CFR public reporting (proxy, 2024-2026)",0.9,STABLE,-0.9
K8003,Singapore,2025-12-15,1052,USD,"SEA CFR public reporting (proxy, 2024-2026)",0.9,STABLE,-0.5
K8003,Singapore,2026-01-15,1072,USD,"SEA CFR public reporting (proxy, 2024-2026)",0.9,UP,1.9
K8003,Singapore,2026-02-15,1172,USD,"SEA CFR public reporting (proxy, 2024-2026)",0.9,UP,9.3
K8003,Singapore,2026-03-15,1272,USD,"SEA CFR public reporting (proxy, 2024-2026)",0.9,UP,8.5
K8003,Singapore,2026-04-15,1252,USD,"SEA CFR public reporting (proxy, 2024-2026)",0.9,DOWN,-1.6
K8003,Singapore,2026-05-15,1282,USD,"SEA CFR public reporting (proxy, 2024-2026)",0.9,UP,2.4
K8003,Singapore,2026-06-15,1322,USD,"SEA CFR public reporting (proxy, 2024-2026)",0.9,UP,3.1
K8003,Singapore,2026-07-15,1342,USD,"SEA CFR public reporting (proxy, 2024-2026)",0.9,UP,1.5
C9001,Vietnam,2025-02-15,1114,USD,"SEA CFR public reporting (proxy, 2024-2026)",0.9,STABLE,0.0
C9001,Vietnam,2025-03-15,1119,USD,"SEA CFR public reporting (proxy, 2024-2026)",0.9,STABLE,0.4
C9001,Vietnam,2025-04-15,1099,USD,"SEA CFR public reporting (proxy, 2024-2026)",0.9,DOWN,-1.8
C9001,Vietnam,2025-05-15,1079,USD,"SEA CFR public reporting (proxy, 2024-2026)",0.9,DOWN,-1.8
C9001,Vietnam,2025-06-15,1064,USD,"SEA CFR public reporting (proxy, 2024-2026)",0.9,DOWN,-1.4
C9001,Vietnam,2025-07-15,1054,USD,"SEA CFR public reporting (proxy, 2024-2026)",0.9,STABLE,-0.9
C9001,Vietnam,2025-08-15,1049,USD,"SEA CFR public reporting (proxy, 2024-2026)",0.9,STABLE,-0.5
C9001,Vietnam,2025-09-15,1074,USD,"SEA CFR public reporting (proxy, 2024-2026)",0.9,UP,2.4
C9001,Vietnam,2025-10-15,1064,USD,"SEA CFR public reporting (proxy, 2024-2026)",0.9,STABLE,-0.9
C9001,Vietnam,2025-11-15,1054,USD,"SEA CFR public reporting (proxy, 2024-2026)",0.9,STABLE,-0.9
C9001,Vietnam,2025-12-15,1049,USD,"SEA CFR public reporting (proxy, 2024-2026)",0.9,STABLE,-0.5
C9001,Vietnam,2026-01-15,1069,USD,"SEA CFR public reporting (proxy, 2024-2026)",0.9,UP,1.9
C9001,Vietnam,2026-02-15,1169,USD,"SEA CFR public reporting (proxy, 2024-2026)",0.9,UP,9.4
C9001,Vietnam,2026-03-15,1269,USD,"SEA CFR public reporting (proxy, 2024-2026)",0.9,UP,8.6
C9001,Vietnam,2026-04-15,1249,USD,"SEA CFR public reporting (proxy, 2024-2026)",0.9,DOWN,-1.6
C9001,Vietnam,2026-05-15,1279,USD,"SEA CFR public reporting (proxy, 2024-2026)",0.9,UP,2.4
C9001,Vietnam,2026-06-15,1319,USD,"SEA CFR public reporting (proxy, 2024-2026)",0.9,UP,3.1
C9001,Vietnam,2026-07-15,1339,USD,"SEA CFR public reporting (proxy, 2024-2026)",0.9,UP,1.5
C9001,Indonesia,2025-02-15,1134,USD,"SEA CFR public reporting (proxy, 2024-2026)",0.9,STABLE,0.0
C9001,Indonesia,2025-03-15,1139,USD,"SEA CFR public reporting (proxy, 2024-2026)",0.9,STABLE,0.4
C9001,Indonesia,2025-04-15,1119,USD,"SEA CFR public reporting (proxy, 2024-2026)",0.9,DOWN,-1.8
C9001,Indonesia,2025-05-15,1099,USD,"SEA CFR public reporting (proxy, 2024-2026)",0.9,DOWN,-1.8
C9001,Indonesia,2025-06-15,1084,USD,"SEA CFR public reporting (proxy, 2024-2026)",0.9,DOWN,-1.4
C9001,Indonesia,2025-07-15,1074,USD,"SEA CFR public reporting (proxy, 2024-2026)",0.9,STABLE,-0.9
C9001,Indonesia,2025-08-15,1069,USD,"SEA CFR public reporting (proxy, 2024-2026)",0.9,STABLE,-0.5
C9001,Indonesia,2025-09-15,1094,USD,"SEA CFR public reporting (proxy, 2024-2026)",0.9,UP,2.3
C9001,Indonesia,2025-10-15,1084,USD,"SEA CFR public reporting (proxy, 2024-2026)",0.9,STABLE,-0.9
C9001,Indonesia,2025-11-15,1074,USD,"SEA CFR public reporting (proxy, 2024-2026)",0.9,STABLE,-0.9
C9001,Indonesia,2025-12-15,1069,USD,"SEA CFR public reporting (proxy, 2024-2026)",0.9,STABLE,-0.5
C9001,Indonesia,2026-01-15,1089,USD,"SEA CFR public reporting (proxy, 2024-2026)",0.9,UP,1.9
C9001,Indonesia,2026-02-15,1189,USD,"SEA CFR public reporting (proxy, 2024-2026)",0.9,UP,9.2
C9001,Indonesia,2026-03-15,1289,USD,"SEA CFR public reporting (proxy, 2024-2026)",0.9,UP,8.4
C9001,Indonesia,2026-04-15,1269,USD,"SEA CFR public reporting (proxy, 2024-2026)",0.9,DOWN,-1.6
C9001,Indonesia,2026-05-15,1299,USD,"SEA CFR public reporting (proxy, 2024-2026)",0.9,UP,2.4
C9001,Indonesia,2026-06-15,1339,USD,"SEA CFR public reporting (proxy, 2024-2026)",0.9,UP,3.1
C9001,Indonesia,2026-07-15,1359,USD,"SEA CFR public reporting (proxy, 2024-2026)",0.9,UP,1.5
C9001,Thailand,2025-02-15,1107,USD,"SEA CFR public reporting (proxy, 2024-2026)",0.9,STABLE,0.0
C9001,Thailand,2025-03-15,1112,USD,"SEA CFR public reporting (proxy, 2024-2026)",0.9,STABLE,0.5
C9001,Thailand,2025-04-15,1092,USD,"SEA CFR public reporting (proxy, 2024-2026)",0.9,DOWN,-1.8
C9001,Thailand,2025-05-15,1072,USD,"SEA CFR public reporting (proxy, 2024-2026)",0.9,DOWN,-1.8
C9001,Thailand,2025-06-15,1057,USD,"SEA CFR public reporting (proxy, 2024-2026)",0.9,DOWN,-1.4
C9001,Thailand,2025-07-15,1047,USD,"SEA CFR public reporting (proxy, 2024-2026)",0.9,STABLE,-0.9
C9001,Thailand,2025-08-15,1042,USD,"SEA CFR public reporting (proxy, 2024-2026)",0.9,STABLE,-0.5
C9001,Thailand,2025-09-15,1067,USD,"SEA CFR public reporting (proxy, 2024-2026)",0.9,UP,2.4
C9001,Thailand,2025-10-15,1057,USD,"SEA CFR public reporting (proxy, 2024-2026)",0.9,STABLE,-0.9
C9001,Thailand,2025-11-15,1047,USD,"SEA CFR public reporting (proxy, 2024-2026)",0.9,STABLE,-0.9
C9001,Thailand,2025-12-15,1042,USD,"SEA CFR public reporting (proxy, 2024-2026)",0.9,STABLE,-0.5
C9001,Thailand,2026-01-15,1062,USD,"SEA CFR public reporting (proxy, 2024-2026)",0.9,UP,1.9
C9001,Thailand,2026-02-15,1162,USD,"SEA CFR public reporting (proxy, 2024-2026)",0.9,UP,9.4
C9001,Thailand,2026-03-15,1262,USD,"SEA CFR public reporting (proxy, 2024-2026)",0.9,UP,8.6
C9001,Thailand,2026-04-15,1242,USD,"SEA CFR public reporting (proxy, 2024-2026)",0.9,DOWN,-1.6
C9001,Thailand,2026-05-15,1272,USD,"SEA CFR public reporting (proxy, 2024-2026)",0.9,UP,2.4
C9001,Thailand,2026-06-15,1312,USD,"SEA CFR public reporting (proxy, 2024-2026)",0.9,UP,3.1
C9001,Thailand,2026-07-15,1332,USD,"SEA CFR public reporting (proxy, 2024-2026)",0.9,UP,1.5
C9001,Malaysia,2025-02-15,1085,USD,"SEA CFR public reporting (proxy, 2024-2026)",0.9,STABLE,0.0
C9001,Malaysia,2025-03-15,1090,USD,"SEA CFR public reporting (proxy, 2024-2026)",0.9,STABLE,0.5
C9001,Malaysia,2025-04-15,1070,USD,"SEA CFR public reporting (proxy, 2024-2026)",0.9,DOWN,-1.8
C9001,Malaysia,2025-05-15,1050,USD,"SEA CFR public reporting (proxy, 2024-2026)",0.9,DOWN,-1.9
C9001,Malaysia,2025-06-15,1035,USD,"SEA CFR public reporting (proxy, 2024-2026)",0.9,DOWN,-1.4
C9001,Malaysia,2025-07-15,1025,USD,"SEA CFR public reporting (proxy, 2024-2026)",0.9,STABLE,-1.0
C9001,Malaysia,2025-08-15,1020,USD,"SEA CFR public reporting (proxy, 2024-2026)",0.9,STABLE,-0.5
C9001,Malaysia,2025-09-15,1045,USD,"SEA CFR public reporting (proxy, 2024-2026)",0.9,UP,2.5
C9001,Malaysia,2025-10-15,1035,USD,"SEA CFR public reporting (proxy, 2024-2026)",0.9,STABLE,-1.0
C9001,Malaysia,2025-11-15,1025,USD,"SEA CFR public reporting (proxy, 2024-2026)",0.9,STABLE,-1.0
C9001,Malaysia,2025-12-15,1020,USD,"SEA CFR public reporting (proxy, 2024-2026)",0.9,STABLE,-0.5
C9001,Malaysia,2026-01-15,1040,USD,"SEA CFR public reporting (proxy, 2024-2026)",0.9,UP,2.0
C9001,Malaysia,2026-02-15,1140,USD,"SEA CFR public reporting (proxy, 2024-2026)",0.9,UP,9.6
C9001,Malaysia,2026-03-15,1240,USD,"SEA CFR public reporting (proxy, 2024-2026)",0.9,UP,8.8
C9001,Malaysia,2026-04-15,1220,USD,"SEA CFR public reporting (proxy, 2024-2026)",0.9,DOWN,-1.6
C9001,Malaysia,2026-05-15,1250,USD,"SEA CFR public reporting (proxy, 2024-2026)",0.9,UP,2.5
C9001,Malaysia,2026-06-15,1290,USD,"SEA CFR public reporting (proxy, 2024-2026)",0.9,UP,3.2
C9001,Malaysia,2026-07-15,1310,USD,"SEA CFR public reporting (proxy, 2024-2026)",0.9,UP,1.6
C9001,Singapore,2025-02-15,1142,USD,"SEA CFR public reporting (proxy, 2024-2026)",0.9,STABLE,0.0
C9001,Singapore,2025-03-15,1147,USD,"SEA CFR public reporting (proxy, 2024-2026)",0.9,STABLE,0.4
C9001,Singapore,2025-04-15,1127,USD,"SEA CFR public reporting (proxy, 2024-2026)",0.9,DOWN,-1.7
C9001,Singapore,2025-05-15,1107,USD,"SEA CFR public reporting (proxy, 2024-2026)",0.9,DOWN,-1.8
C9001,Singapore,2025-06-15,1092,USD,"SEA CFR public reporting (proxy, 2024-2026)",0.9,DOWN,-1.4
C9001,Singapore,2025-07-15,1082,USD,"SEA CFR public reporting (proxy, 2024-2026)",0.9,STABLE,-0.9
C9001,Singapore,2025-08-15,1077,USD,"SEA CFR public reporting (proxy, 2024-2026)",0.9,STABLE,-0.5
C9001,Singapore,2025-09-15,1102,USD,"SEA CFR public reporting (proxy, 2024-2026)",0.9,UP,2.3
C9001,Singapore,2025-10-15,1092,USD,"SEA CFR public reporting (proxy, 2024-2026)",0.9,STABLE,-0.9
C9001,Singapore,2025-11-15,1082,USD,"SEA CFR public reporting (proxy, 2024-2026)",0.9,STABLE,-0.9
C9001,Singapore,2025-12-15,1077,USD,"SEA CFR public reporting (proxy, 2024-2026)",0.9,STABLE,-0.5
C9001,Singapore,2026-01-15,1097,USD,"SEA CFR public reporting (proxy, 2024-2026)",0.9,UP,1.9
C9001,Singapore,2026-02-15,1197,USD,"SEA CFR public reporting (proxy, 2024-2026)",0.9,UP,9.1
C9001,Singapore,2026-03-15,1297,USD,"SEA CFR public reporting (proxy, 2024-2026)",0.9,UP,8.4
C9001,Singapore,2026-04-15,1277,USD,"SEA CFR public reporting (proxy, 2024-2026)",0.9,DOWN,-1.5
C9001,Singapore,2026-05-15,1307,USD,"SEA CFR public reporting (proxy, 2024-2026)",0.9,UP,2.3
C9001,Singapore,2026-06-15,1347,USD,"SEA CFR public reporting (proxy, 2024-2026)",0.9,UP,3.1
C9001,Singapore,2026-07-15,1367,USD,"SEA CFR public reporting (proxy, 2024-2026)",0.9,UP,1.5
F7000,Vietnam,2025-02-15,1048,USD,"SEA CFR public reporting (proxy, 2024-2026)",0.9,STABLE,0.0
F7000,Vietnam,2025-03-15,1053,USD,"SEA CFR public reporting (proxy, 2024-2026)",0.9,STABLE,0.5
F7000,Vietnam,2025-04-15,1033,USD,"SEA CFR public reporting (proxy, 2024-2026)",0.9,DOWN,-1.9
F7000,Vietnam,2025-05-15,1013,USD,"SEA CFR public reporting (proxy, 2024-2026)",0.9,DOWN,-1.9
F7000,Vietnam,2025-06-15,998,USD,"SEA CFR public reporting (proxy, 2024-2026)",0.9,DOWN,-1.5
F7000,Vietnam,2025-07-15,988,USD,"SEA CFR public reporting (proxy, 2024-2026)",0.9,DOWN,-1.0
F7000,Vietnam,2025-08-15,983,USD,"SEA CFR public reporting (proxy, 2024-2026)",0.9,STABLE,-0.5
F7000,Vietnam,2025-09-15,1008,USD,"SEA CFR public reporting (proxy, 2024-2026)",0.9,UP,2.5
F7000,Vietnam,2025-10-15,998,USD,"SEA CFR public reporting (proxy, 2024-2026)",0.9,STABLE,-1.0
F7000,Vietnam,2025-11-15,988,USD,"SEA CFR public reporting (proxy, 2024-2026)",0.9,DOWN,-1.0
F7000,Vietnam,2025-12-15,983,USD,"SEA CFR public reporting (proxy, 2024-2026)",0.9,STABLE,-0.5
F7000,Vietnam,2026-01-15,1003,USD,"SEA CFR public reporting (proxy, 2024-2026)",0.9,UP,2.0
F7000,Vietnam,2026-02-15,1103,USD,"SEA CFR public reporting (proxy, 2024-2026)",0.9,UP,10.0
F7000,Vietnam,2026-03-15,1203,USD,"SEA CFR public reporting (proxy, 2024-2026)",0.9,UP,9.1
F7000,Vietnam,2026-04-15,1183,USD,"SEA CFR public reporting (proxy, 2024-2026)",0.9,DOWN,-1.7
F7000,Vietnam,2026-05-15,1213,USD,"SEA CFR public reporting (proxy, 2024-2026)",0.9,UP,2.5
F7000,Vietnam,2026-06-15,1253,USD,"SEA CFR public reporting (proxy, 2024-2026)",0.9,UP,3.3
F7000,Vietnam,2026-07-15,1273,USD,"SEA CFR public reporting (proxy, 2024-2026)",0.9,UP,1.6
F7000,Indonesia,2025-02-15,1060,USD,"SEA CFR public reporting (proxy, 2024-2026)",0.9,STABLE,0.0
F7000,Indonesia,2025-03-15,1065,USD,"SEA CFR public reporting (proxy, 2024-2026)",0.9,STABLE,0.5
F7000,Indonesia,2025-04-15,1045,USD,"SEA CFR public reporting (proxy, 2024-2026)",0.9,DOWN,-1.9
F7000,Indonesia,2025-05-15,1025,USD,"SEA CFR public reporting (proxy, 2024-2026)",0.9,DOWN,-1.9
F7000,Indonesia,2025-06-15,1010,USD,"SEA CFR public reporting (proxy, 2024-2026)",0.9,DOWN,-1.5
F7000,Indonesia,2025-07-15,1000,USD,"SEA CFR public reporting (proxy, 2024-2026)",0.9,STABLE,-1.0
F7000,Indonesia,2025-08-15,995,USD,"SEA CFR public reporting (proxy, 2024-2026)",0.9,STABLE,-0.5
F7000,Indonesia,2025-09-15,1020,USD,"SEA CFR public reporting (proxy, 2024-2026)",0.9,UP,2.5
F7000,Indonesia,2025-10-15,1010,USD,"SEA CFR public reporting (proxy, 2024-2026)",0.9,STABLE,-1.0
F7000,Indonesia,2025-11-15,1000,USD,"SEA CFR public reporting (proxy, 2024-2026)",0.9,STABLE,-1.0
F7000,Indonesia,2025-12-15,995,USD,"SEA CFR public reporting (proxy, 2024-2026)",0.9,STABLE,-0.5
F7000,Indonesia,2026-01-15,1015,USD,"SEA CFR public reporting (proxy, 2024-2026)",0.9,UP,2.0
F7000,Indonesia,2026-02-15,1115,USD,"SEA CFR public reporting (proxy, 2024-2026)",0.9,UP,9.9
F7000,Indonesia,2026-03-15,1215,USD,"SEA CFR public reporting (proxy, 2024-2026)",0.9,UP,9.0
F7000,Indonesia,2026-04-15,1195,USD,"SEA CFR public reporting (proxy, 2024-2026)",0.9,DOWN,-1.6
F7000,Indonesia,2026-05-15,1225,USD,"SEA CFR public reporting (proxy, 2024-2026)",0.9,UP,2.5
F7000,Indonesia,2026-06-15,1265,USD,"SEA CFR public reporting (proxy, 2024-2026)",0.9,UP,3.3
F7000,Indonesia,2026-07-15,1285,USD,"SEA CFR public reporting (proxy, 2024-2026)",0.9,UP,1.6
F7000,Thailand,2025-02-15,1030,USD,"SEA CFR public reporting (proxy, 2024-2026)",0.9,STABLE,0.0
F7000,Thailand,2025-03-15,1035,USD,"SEA CFR public reporting (proxy, 2024-2026)",0.9,STABLE,0.5
F7000,Thailand,2025-04-15,1015,USD,"SEA CFR public reporting (proxy, 2024-2026)",0.9,DOWN,-1.9
F7000,Thailand,2025-05-15,995,USD,"SEA CFR public reporting (proxy, 2024-2026)",0.9,DOWN,-2.0
F7000,Thailand,2025-06-15,980,USD,"SEA CFR public reporting (proxy, 2024-2026)",0.9,DOWN,-1.5
F7000,Thailand,2025-07-15,970,USD,"SEA CFR public reporting (proxy, 2024-2026)",0.9,DOWN,-1.0
F7000,Thailand,2025-08-15,965,USD,"SEA CFR public reporting (proxy, 2024-2026)",0.9,STABLE,-0.5
F7000,Thailand,2025-09-15,990,USD,"SEA CFR public reporting (proxy, 2024-2026)",0.9,UP,2.6
F7000,Thailand,2025-10-15,980,USD,"SEA CFR public reporting (proxy, 2024-2026)",0.9,DOWN,-1.0
F7000,Thailand,2025-11-15,970,USD,"SEA CFR public reporting (proxy, 2024-2026)",0.9,DOWN,-1.0
F7000,Thailand,2025-12-15,965,USD,"SEA CFR public reporting (proxy, 2024-2026)",0.9,STABLE,-0.5
F7000,Thailand,2026-01-15,985,USD,"SEA CFR public reporting (proxy, 2024-2026)",0.9,UP,2.1
F7000,Thailand,2026-02-15,1085,USD,"SEA CFR public reporting (proxy, 2024-2026)",0.9,UP,10.2
F7000,Thailand,2026-03-15,1185,USD,"SEA CFR public reporting (proxy, 2024-2026)",0.9,UP,9.2
F7000,Thailand,2026-04-15,1165,USD,"SEA CFR public reporting (proxy, 2024-2026)",0.9,DOWN,-1.7
F7000,Thailand,2026-05-15,1195,USD,"SEA CFR public reporting (proxy, 2024-2026)",0.9,UP,2.6
F7000,Thailand,2026-06-15,1235,USD,"SEA CFR public reporting (proxy, 2024-2026)",0.9,UP,3.3
F7000,Thailand,2026-07-15,1255,USD,"SEA CFR public reporting (proxy, 2024-2026)",0.9,UP,1.6
F7000,Malaysia,2025-02-15,1019,USD,"SEA CFR public reporting (proxy, 2024-2026)",0.9,STABLE,0.0
F7000,Malaysia,2025-03-15,1024,USD,"SEA CFR public reporting (proxy, 2024-2026)",0.9,STABLE,0.5
F7000,Malaysia,2025-04-15,1004,USD,"SEA CFR public reporting (proxy, 2024-2026)",0.9,DOWN,-2.0
F7000,Malaysia,2025-05-15,984,USD,"SEA CFR public reporting (proxy, 2024-2026)",0.9,DOWN,-2.0
F7000,Malaysia,2025-06-15,969,USD,"SEA CFR public reporting (proxy, 2024-2026)",0.9,DOWN,-1.5
F7000,Malaysia,2025-07-15,959,USD,"SEA CFR public reporting (proxy, 2024-2026)",0.9,DOWN,-1.0
F7000,Malaysia,2025-08-15,954,USD,"SEA CFR public reporting (proxy, 2024-2026)",0.9,STABLE,-0.5
F7000,Malaysia,2025-09-15,979,USD,"SEA CFR public reporting (proxy, 2024-2026)",0.9,UP,2.6
F7000,Malaysia,2025-10-15,969,USD,"SEA CFR public reporting (proxy, 2024-2026)",0.9,DOWN,-1.0
F7000,Malaysia,2025-11-15,959,USD,"SEA CFR public reporting (proxy, 2024-2026)",0.9,DOWN,-1.0
F7000,Malaysia,2025-12-15,954,USD,"SEA CFR public reporting (proxy, 2024-2026)",0.9,STABLE,-0.5
F7000,Malaysia,2026-01-15,974,USD,"SEA CFR public reporting (proxy, 2024-2026)",0.9,UP,2.1
F7000,Malaysia,2026-02-15,1074,USD,"SEA CFR public reporting (proxy, 2024-2026)",0.9,UP,10.3
F7000,Malaysia,2026-03-15,1174,USD,"SEA CFR public reporting (proxy, 2024-2026)",0.9,UP,9.3
F7000,Malaysia,2026-04-15,1154,USD,"SEA CFR public reporting (proxy, 2024-2026)",0.9,DOWN,-1.7
F7000,Malaysia,2026-05-15,1184,USD,"SEA CFR public reporting (proxy, 2024-2026)",0.9,UP,2.6
F7000,Malaysia,2026-06-15,1224,USD,"SEA CFR public reporting (proxy, 2024-2026)",0.9,UP,3.4
F7000,Malaysia,2026-07-15,1244,USD,"SEA CFR public reporting (proxy, 2024-2026)",0.9,UP,1.6
F7000,Singapore,2025-02-15,1065,USD,"SEA CFR public reporting (proxy, 2024-2026)",0.9,STABLE,0.0
F7000,Singapore,2025-03-15,1070,USD,"SEA CFR public reporting (proxy, 2024-2026)",0.9,STABLE,0.5
F7000,Singapore,2025-04-15,1050,USD,"SEA CFR public reporting (proxy, 2024-2026)",0.9,DOWN,-1.9
F7000,Singapore,2025-05-15,1030,USD,"SEA CFR public reporting (proxy, 2024-2026)",0.9,DOWN,-1.9
F7000,Singapore,2025-06-15,1015,USD,"SEA CFR public reporting (proxy, 2024-2026)",0.9,DOWN,-1.5
F7000,Singapore,2025-07-15,1005,USD,"SEA CFR public reporting (proxy, 2024-2026)",0.9,STABLE,-1.0
F7000,Singapore,2025-08-15,1000,USD,"SEA CFR public reporting (proxy, 2024-2026)",0.9,STABLE,-0.5
F7000,Singapore,2025-09-15,1025,USD,"SEA CFR public reporting (proxy, 2024-2026)",0.9,UP,2.5
F7000,Singapore,2025-10-15,1015,USD,"SEA CFR public reporting (proxy, 2024-2026)",0.9,STABLE,-1.0
F7000,Singapore,2025-11-15,1005,USD,"SEA CFR public reporting (proxy, 2024-2026)",0.9,STABLE,-1.0
F7000,Singapore,2025-12-15,1000,USD,"SEA CFR public reporting (proxy, 2024-2026)",0.9,STABLE,-0.5
F7000,Singapore,2026-01-15,1020,USD,"SEA CFR public reporting (proxy, 2024-2026)",0.9,UP,2.0
F7000,Singapore,2026-02-15,1120,USD,"SEA CFR public reporting (proxy, 2024-2026)",0.9,UP,9.8
F7000,Singapore,2026-03-15,1220,USD,"SEA CFR public reporting (proxy, 2024-2026)",0.9,UP,8.9
F7000,Singapore,2026-04-15,1200,USD,"SEA CFR public reporting (proxy, 2024-2026)",0.9,DOWN,-1.6
F7000,Singapore,2026-05-15,1230,USD,"SEA CFR public reporting (proxy, 2024-2026)",0.9,UP,2.5
F7000,Singapore,2026-06-15,1270,USD,"SEA CFR public reporting (proxy, 2024-2026)",0.9,UP,3.3
F7000,Singapore,2026-07-15,1290,USD,"SEA CFR public reporting (proxy, 2024-2026)",0.9,UP,1.6
B5502,Vietnam,2025-02-15,1034,USD,"SEA CFR public reporting (proxy, 2024-2026)",0.9,STABLE,0.0
B5502,Vietnam,2025-03-15,1039,USD,"SEA CFR public reporting (proxy, 2024-2026)",0.9,STABLE,0.5
B5502,Vietnam,2025-04-15,1019,USD,"SEA CFR public reporting (proxy, 2024-2026)",0.9,DOWN,-1.9
B5502,Vietnam,2025-05-15,999,USD,"SEA CFR public reporting (proxy, 2024-2026)",0.9,DOWN,-2.0
B5502,Vietnam,2025-06-15,984,USD,"SEA CFR public reporting (proxy, 2024-2026)",0.9,DOWN,-1.5
B5502,Vietnam,2025-07-15,974,USD,"SEA CFR public reporting (proxy, 2024-2026)",0.9,DOWN,-1.0
B5502,Vietnam,2025-08-15,969,USD,"SEA CFR public reporting (proxy, 2024-2026)",0.9,STABLE,-0.5
B5502,Vietnam,2025-09-15,994,USD,"SEA CFR public reporting (proxy, 2024-2026)",0.9,UP,2.6
B5502,Vietnam,2025-10-15,984,USD,"SEA CFR public reporting (proxy, 2024-2026)",0.9,DOWN,-1.0
B5502,Vietnam,2025-11-15,974,USD,"SEA CFR public reporting (proxy, 2024-2026)",0.9,DOWN,-1.0
B5502,Vietnam,2025-12-15,969,USD,"SEA CFR public reporting (proxy, 2024-2026)",0.9,STABLE,-0.5
B5502,Vietnam,2026-01-15,989,USD,"SEA CFR public reporting (proxy, 2024-2026)",0.9,UP,2.1
B5502,Vietnam,2026-02-15,1089,USD,"SEA CFR public reporting (proxy, 2024-2026)",0.9,UP,10.1
B5502,Vietnam,2026-03-15,1189,USD,"SEA CFR public reporting (proxy, 2024-2026)",0.9,UP,9.2
B5502,Vietnam,2026-04-15,1169,USD,"SEA CFR public reporting (proxy, 2024-2026)",0.9,DOWN,-1.7
B5502,Vietnam,2026-05-15,1199,USD,"SEA CFR public reporting (proxy, 2024-2026)",0.9,UP,2.6
B5502,Vietnam,2026-06-15,1239,USD,"SEA CFR public reporting (proxy, 2024-2026)",0.9,UP,3.3
B5502,Vietnam,2026-07-15,1259,USD,"SEA CFR public reporting (proxy, 2024-2026)",0.9,UP,1.6
B5502,Indonesia,2025-02-15,1054,USD,"SEA CFR public reporting (proxy, 2024-2026)",0.9,STABLE,0.0
B5502,Indonesia,2025-03-15,1059,USD,"SEA CFR public reporting (proxy, 2024-2026)",0.9,STABLE,0.5
B5502,Indonesia,2025-04-15,1039,USD,"SEA CFR public reporting (proxy, 2024-2026)",0.9,DOWN,-1.9
B5502,Indonesia,2025-05-15,1019,USD,"SEA CFR public reporting (proxy, 2024-2026)",0.9,DOWN,-1.9
B5502,Indonesia,2025-06-15,1004,USD,"SEA CFR public reporting (proxy, 2024-2026)",0.9,DOWN,-1.5
B5502,Indonesia,2025-07-15,994,USD,"SEA CFR public reporting (proxy, 2024-2026)",0.9,STABLE,-1.0
B5502,Indonesia,2025-08-15,989,USD,"SEA CFR public reporting (proxy, 2024-2026)",0.9,STABLE,-0.5
B5502,Indonesia,2025-09-15,1014,USD,"SEA CFR public reporting (proxy, 2024-2026)",0.9,UP,2.5
B5502,Indonesia,2025-10-15,1004,USD,"SEA CFR public reporting (proxy, 2024-2026)",0.9,STABLE,-1.0
B5502,Indonesia,2025-11-15,994,USD,"SEA CFR public reporting (proxy, 2024-2026)",0.9,STABLE,-1.0
B5502,Indonesia,2025-12-15,989,USD,"SEA CFR public reporting (proxy, 2024-2026)",0.9,STABLE,-0.5
B5502,Indonesia,2026-01-15,1009,USD,"SEA CFR public reporting (proxy, 2024-2026)",0.9,UP,2.0
B5502,Indonesia,2026-02-15,1109,USD,"SEA CFR public reporting (proxy, 2024-2026)",0.9,UP,9.9
B5502,Indonesia,2026-03-15,1209,USD,"SEA CFR public reporting (proxy, 2024-2026)",0.9,UP,9.0
B5502,Indonesia,2026-04-15,1189,USD,"SEA CFR public reporting (proxy, 2024-2026)",0.9,DOWN,-1.7
B5502,Indonesia,2026-05-15,1219,USD,"SEA CFR public reporting (proxy, 2024-2026)",0.9,UP,2.5
B5502,Indonesia,2026-06-15,1259,USD,"SEA CFR public reporting (proxy, 2024-2026)",0.9,UP,3.3
B5502,Indonesia,2026-07-15,1279,USD,"SEA CFR public reporting (proxy, 2024-2026)",0.9,UP,1.6
B5502,Thailand,2025-02-15,1026,USD,"SEA CFR public reporting (proxy, 2024-2026)",0.9,STABLE,0.0
B5502,Thailand,2025-03-15,1031,USD,"SEA CFR public reporting (proxy, 2024-2026)",0.9,STABLE,0.5
B5502,Thailand,2025-04-15,1011,USD,"SEA CFR public reporting (proxy, 2024-2026)",0.9,DOWN,-1.9
B5502,Thailand,2025-05-15,991,USD,"SEA CFR public reporting (proxy, 2024-2026)",0.9,DOWN,-2.0
B5502,Thailand,2025-06-15,976,USD,"SEA CFR public reporting (proxy, 2024-2026)",0.9,DOWN,-1.5
B5502,Thailand,2025-07-15,966,USD,"SEA CFR public reporting (proxy, 2024-2026)",0.9,DOWN,-1.0
B5502,Thailand,2025-08-15,961,USD,"SEA CFR public reporting (proxy, 2024-2026)",0.9,STABLE,-0.5
B5502,Thailand,2025-09-15,986,USD,"SEA CFR public reporting (proxy, 2024-2026)",0.9,UP,2.6
B5502,Thailand,2025-10-15,976,USD,"SEA CFR public reporting (proxy, 2024-2026)",0.9,DOWN,-1.0
B5502,Thailand,2025-11-15,966,USD,"SEA CFR public reporting (proxy, 2024-2026)",0.9,DOWN,-1.0
B5502,Thailand,2025-12-15,961,USD,"SEA CFR public reporting (proxy, 2024-2026)",0.9,STABLE,-0.5
B5502,Thailand,2026-01-15,981,USD,"SEA CFR public reporting (proxy, 2024-2026)",0.9,UP,2.1
B5502,Thailand,2026-02-15,1081,USD,"SEA CFR public reporting (proxy, 2024-2026)",0.9,UP,10.2
B5502,Thailand,2026-03-15,1181,USD,"SEA CFR public reporting (proxy, 2024-2026)",0.9,UP,9.3
B5502,Thailand,2026-04-15,1161,USD,"SEA CFR public reporting (proxy, 2024-2026)",0.9,DOWN,-1.7
B5502,Thailand,2026-05-15,1191,USD,"SEA CFR public reporting (proxy, 2024-2026)",0.9,UP,2.6
B5502,Thailand,2026-06-15,1231,USD,"SEA CFR public reporting (proxy, 2024-2026)",0.9,UP,3.4
B5502,Thailand,2026-07-15,1251,USD,"SEA CFR public reporting (proxy, 2024-2026)",0.9,UP,1.6
B5502,Malaysia,2025-02-15,1005,USD,"SEA CFR public reporting (proxy, 2024-2026)",0.9,STABLE,0.0
B5502,Malaysia,2025-03-15,1010,USD,"SEA CFR public reporting (proxy, 2024-2026)",0.9,STABLE,0.5
B5502,Malaysia,2025-04-15,990,USD,"SEA CFR public reporting (proxy, 2024-2026)",0.9,DOWN,-2.0
B5502,Malaysia,2025-05-15,970,USD,"SEA CFR public reporting (proxy, 2024-2026)",0.9,DOWN,-2.0
B5502,Malaysia,2025-06-15,955,USD,"SEA CFR public reporting (proxy, 2024-2026)",0.9,DOWN,-1.5
B5502,Malaysia,2025-07-15,945,USD,"SEA CFR public reporting (proxy, 2024-2026)",0.9,DOWN,-1.0
B5502,Malaysia,2025-08-15,940,USD,"SEA CFR public reporting (proxy, 2024-2026)",0.9,STABLE,-0.5
B5502,Malaysia,2025-09-15,965,USD,"SEA CFR public reporting (proxy, 2024-2026)",0.9,UP,2.7
B5502,Malaysia,2025-10-15,955,USD,"SEA CFR public reporting (proxy, 2024-2026)",0.9,DOWN,-1.0
B5502,Malaysia,2025-11-15,945,USD,"SEA CFR public reporting (proxy, 2024-2026)",0.9,DOWN,-1.0
B5502,Malaysia,2025-12-15,940,USD,"SEA CFR public reporting (proxy, 2024-2026)",0.9,STABLE,-0.5
B5502,Malaysia,2026-01-15,960,USD,"SEA CFR public reporting (proxy, 2024-2026)",0.9,UP,2.1
B5502,Malaysia,2026-02-15,1060,USD,"SEA CFR public reporting (proxy, 2024-2026)",0.9,UP,10.4
B5502,Malaysia,2026-03-15,1160,USD,"SEA CFR public reporting (proxy, 2024-2026)",0.9,UP,9.4
B5502,Malaysia,2026-04-15,1140,USD,"SEA CFR public reporting (proxy, 2024-2026)",0.9,DOWN,-1.7
B5502,Malaysia,2026-05-15,1170,USD,"SEA CFR public reporting (proxy, 2024-2026)",0.9,UP,2.6
B5502,Malaysia,2026-06-15,1210,USD,"SEA CFR public reporting (proxy, 2024-2026)",0.9,UP,3.4
B5502,Malaysia,2026-07-15,1230,USD,"SEA CFR public reporting (proxy, 2024-2026)",0.9,UP,1.7
B5502,Singapore,2025-02-15,1062,USD,"SEA CFR public reporting (proxy, 2024-2026)",0.9,STABLE,0.0
B5502,Singapore,2025-03-15,1067,USD,"SEA CFR public reporting (proxy, 2024-2026)",0.9,STABLE,0.5
B5502,Singapore,2025-04-15,1047,USD,"SEA CFR public reporting (proxy, 2024-2026)",0.9,DOWN,-1.9
B5502,Singapore,2025-05-15,1027,USD,"SEA CFR public reporting (proxy, 2024-2026)",0.9,DOWN,-1.9
B5502,Singapore,2025-06-15,1012,USD,"SEA CFR public reporting (proxy, 2024-2026)",0.9,DOWN,-1.5
B5502,Singapore,2025-07-15,1002,USD,"SEA CFR public reporting (proxy, 2024-2026)",0.9,STABLE,-1.0
B5502,Singapore,2025-08-15,997,USD,"SEA CFR public reporting (proxy, 2024-2026)",0.9,STABLE,-0.5
B5502,Singapore,2025-09-15,1022,USD,"SEA CFR public reporting (proxy, 2024-2026)",0.9,UP,2.5
B5502,Singapore,2025-10-15,1012,USD,"SEA CFR public reporting (proxy, 2024-2026)",0.9,STABLE,-1.0
B5502,Singapore,2025-11-15,1002,USD,"SEA CFR public reporting (proxy, 2024-2026)",0.9,STABLE,-1.0
B5502,Singapore,2025-12-15,997,USD,"SEA CFR public reporting (proxy, 2024-2026)",0.9,STABLE,-0.5
B5502,Singapore,2026-01-15,1017,USD,"SEA CFR public reporting (proxy, 2024-2026)",0.9,UP,2.0
B5502,Singapore,2026-02-15,1117,USD,"SEA CFR public reporting (proxy, 2024-2026)",0.9,UP,9.8
B5502,Singapore,2026-03-15,1217,USD,"SEA CFR public reporting (proxy, 2024-2026)",0.9,UP,9.0
B5502,Singapore,2026-04-15,1197,USD,"SEA CFR public reporting (proxy, 2024-2026)",0.9,DOWN,-1.6
B5502,Singapore,2026-05-15,1227,USD,"SEA CFR public reporting (proxy, 2024-2026)",0.9,UP,2.5
B5502,Singapore,2026-06-15,1267,USD,"SEA CFR public reporting (proxy, 2024-2026)",0.9,UP,3.3
B5502,Singapore,2026-07-15,1287,USD,"SEA CFR public reporting (proxy, 2024-2026)",0.9,UP,1.6
R3840,Vietnam,2025-02-15,1065,USD,"SEA CFR public reporting (proxy, 2024-2026)",0.9,STABLE,0.0
R3840,Vietnam,2025-03-15,1070,USD,"SEA CFR public reporting (proxy, 2024-2026)",0.9,STABLE,0.5
R3840,Vietnam,2025-04-15,1050,USD,"SEA CFR public reporting (proxy, 2024-2026)",0.9,DOWN,-1.9
R3840,Vietnam,2025-05-15,1030,USD,"SEA CFR public reporting (proxy, 2024-2026)",0.9,DOWN,-1.9
R3840,Vietnam,2025-06-15,1015,USD,"SEA CFR public reporting (proxy, 2024-2026)",0.9,DOWN,-1.5
R3840,Vietnam,2025-07-15,1005,USD,"SEA CFR public reporting (proxy, 2024-2026)",0.9,STABLE,-1.0
R3840,Vietnam,2025-08-15,1000,USD,"SEA CFR public reporting (proxy, 2024-2026)",0.9,STABLE,-0.5
R3840,Vietnam,2025-09-15,1025,USD,"SEA CFR public reporting (proxy, 2024-2026)",0.9,UP,2.5
R3840,Vietnam,2025-10-15,1015,USD,"SEA CFR public reporting (proxy, 2024-2026)",0.9,STABLE,-1.0
R3840,Vietnam,2025-11-15,1005,USD,"SEA CFR public reporting (proxy, 2024-2026)",0.9,STABLE,-1.0
R3840,Vietnam,2025-12-15,1000,USD,"SEA CFR public reporting (proxy, 2024-2026)",0.9,STABLE,-0.5
R3840,Vietnam,2026-01-15,1020,USD,"SEA CFR public reporting (proxy, 2024-2026)",0.9,UP,2.0
R3840,Vietnam,2026-02-15,1120,USD,"SEA CFR public reporting (proxy, 2024-2026)",0.9,UP,9.8
R3840,Vietnam,2026-03-15,1220,USD,"SEA CFR public reporting (proxy, 2024-2026)",0.9,UP,8.9
R3840,Vietnam,2026-04-15,1200,USD,"SEA CFR public reporting (proxy, 2024-2026)",0.9,DOWN,-1.6
R3840,Vietnam,2026-05-15,1230,USD,"SEA CFR public reporting (proxy, 2024-2026)",0.9,UP,2.5
R3840,Vietnam,2026-06-15,1270,USD,"SEA CFR public reporting (proxy, 2024-2026)",0.9,UP,3.3
R3840,Vietnam,2026-07-15,1290,USD,"SEA CFR public reporting (proxy, 2024-2026)",0.9,UP,1.6
R3840,Indonesia,2025-02-15,1085,USD,"SEA CFR public reporting (proxy, 2024-2026)",0.9,STABLE,0.0
R3840,Indonesia,2025-03-15,1090,USD,"SEA CFR public reporting (proxy, 2024-2026)",0.9,STABLE,0.5
R3840,Indonesia,2025-04-15,1070,USD,"SEA CFR public reporting (proxy, 2024-2026)",0.9,DOWN,-1.8
R3840,Indonesia,2025-05-15,1050,USD,"SEA CFR public reporting (proxy, 2024-2026)",0.9,DOWN,-1.9
R3840,Indonesia,2025-06-15,1035,USD,"SEA CFR public reporting (proxy, 2024-2026)",0.9,DOWN,-1.4
R3840,Indonesia,2025-07-15,1025,USD,"SEA CFR public reporting (proxy, 2024-2026)",0.9,STABLE,-1.0
R3840,Indonesia,2025-08-15,1020,USD,"SEA CFR public reporting (proxy, 2024-2026)",0.9,STABLE,-0.5
R3840,Indonesia,2025-09-15,1045,USD,"SEA CFR public reporting (proxy, 2024-2026)",0.9,UP,2.5
R3840,Indonesia,2025-10-15,1035,USD,"SEA CFR public reporting (proxy, 2024-2026)",0.9,STABLE,-1.0
R3840,Indonesia,2025-11-15,1025,USD,"SEA CFR public reporting (proxy, 2024-2026)",0.9,STABLE,-1.0
R3840,Indonesia,2025-12-15,1020,USD,"SEA CFR public reporting (proxy, 2024-2026)",0.9,STABLE,-0.5
R3840,Indonesia,2026-01-15,1040,USD,"SEA CFR public reporting (proxy, 2024-2026)",0.9,UP,2.0
R3840,Indonesia,2026-02-15,1140,USD,"SEA CFR public reporting (proxy, 2024-2026)",0.9,UP,9.6
R3840,Indonesia,2026-03-15,1240,USD,"SEA CFR public reporting (proxy, 2024-2026)",0.9,UP,8.8
R3840,Indonesia,2026-04-15,1220,USD,"SEA CFR public reporting (proxy, 2024-2026)",0.9,DOWN,-1.6
R3840,Indonesia,2026-05-15,1250,USD,"SEA CFR public reporting (proxy, 2024-2026)",0.9,UP,2.5
R3840,Indonesia,2026-06-15,1290,USD,"SEA CFR public reporting (proxy, 2024-2026)",0.9,UP,3.2
R3840,Indonesia,2026-07-15,1310,USD,"SEA CFR public reporting (proxy, 2024-2026)",0.9,UP,1.6
R3840,Thailand,2025-02-15,1060,USD,"SEA CFR public reporting (proxy, 2024-2026)",0.9,STABLE,0.0
R3840,Thailand,2025-03-15,1065,USD,"SEA CFR public reporting (proxy, 2024-2026)",0.9,STABLE,0.5
R3840,Thailand,2025-04-15,1045,USD,"SEA CFR public reporting (proxy, 2024-2026)",0.9,DOWN,-1.9
R3840,Thailand,2025-05-15,1025,USD,"SEA CFR public reporting (proxy, 2024-2026)",0.9,DOWN,-1.9
R3840,Thailand,2025-06-15,1010,USD,"SEA CFR public reporting (proxy, 2024-2026)",0.9,DOWN,-1.5
R3840,Thailand,2025-07-15,1000,USD,"SEA CFR public reporting (proxy, 2024-2026)",0.9,STABLE,-1.0
R3840,Thailand,2025-08-15,995,USD,"SEA CFR public reporting (proxy, 2024-2026)",0.9,STABLE,-0.5
R3840,Thailand,2025-09-15,1020,USD,"SEA CFR public reporting (proxy, 2024-2026)",0.9,UP,2.5
R3840,Thailand,2025-10-15,1010,USD,"SEA CFR public reporting (proxy, 2024-2026)",0.9,STABLE,-1.0
R3840,Thailand,2025-11-15,1000,USD,"SEA CFR public reporting (proxy, 2024-2026)",0.9,STABLE,-1.0
R3840,Thailand,2025-12-15,995,USD,"SEA CFR public reporting (proxy, 2024-2026)",0.9,STABLE,-0.5
R3840,Thailand,2026-01-15,1015,USD,"SEA CFR public reporting (proxy, 2024-2026)",0.9,UP,2.0
R3840,Thailand,2026-02-15,1115,USD,"SEA CFR public reporting (proxy, 2024-2026)",0.9,UP,9.9
R3840,Thailand,2026-03-15,1215,USD,"SEA CFR public reporting (proxy, 2024-2026)",0.9,UP,9.0
R3840,Thailand,2026-04-15,1195,USD,"SEA CFR public reporting (proxy, 2024-2026)",0.9,DOWN,-1.6
R3840,Thailand,2026-05-15,1225,USD,"SEA CFR public reporting (proxy, 2024-2026)",0.9,UP,2.5
R3840,Thailand,2026-06-15,1265,USD,"SEA CFR public reporting (proxy, 2024-2026)",0.9,UP,3.3
R3840,Thailand,2026-07-15,1285,USD,"SEA CFR public reporting (proxy, 2024-2026)",0.9,UP,1.6
R3840,Malaysia,2025-02-15,1039,USD,"SEA CFR public reporting (proxy, 2024-2026)",0.9,STABLE,0.0
R3840,Malaysia,2025-03-15,1044,USD,"SEA CFR public reporting (proxy, 2024-2026)",0.9,STABLE,0.5
R3840,Malaysia,2025-04-15,1024,USD,"SEA CFR public reporting (proxy, 2024-2026)",0.9,DOWN,-1.9
R3840,Malaysia,2025-05-15,1004,USD,"SEA CFR public reporting (proxy, 2024-2026)",0.9,DOWN,-2.0
R3840,Malaysia,2025-06-15,989,USD,"SEA CFR public reporting (proxy, 2024-2026)",0.9,DOWN,-1.5
R3840,Malaysia,2025-07-15,979,USD,"SEA CFR public reporting (proxy, 2024-2026)",0.9,DOWN,-1.0
R3840,Malaysia,2025-08-15,974,USD,"SEA CFR public reporting (proxy, 2024-2026)",0.9,STABLE,-0.5
R3840,Malaysia,2025-09-15,999,USD,"SEA CFR public reporting (proxy, 2024-2026)",0.9,UP,2.6
R3840,Malaysia,2025-10-15,989,USD,"SEA CFR public reporting (proxy, 2024-2026)",0.9,DOWN,-1.0
R3840,Malaysia,2025-11-15,979,USD,"SEA CFR public reporting (proxy, 2024-2026)",0.9,DOWN,-1.0
R3840,Malaysia,2025-12-15,974,USD,"SEA CFR public reporting (proxy, 2024-2026)",0.9,STABLE,-0.5
R3840,Malaysia,2026-01-15,994,USD,"SEA CFR public reporting (proxy, 2024-2026)",0.9,UP,2.1
R3840,Malaysia,2026-02-15,1094,USD,"SEA CFR public reporting (proxy, 2024-2026)",0.9,UP,10.1
R3840,Malaysia,2026-03-15,1194,USD,"SEA CFR public reporting (proxy, 2024-2026)",0.9,UP,9.1
R3840,Malaysia,2026-04-15,1174,USD,"SEA CFR public reporting (proxy, 2024-2026)",0.9,DOWN,-1.7
R3840,Malaysia,2026-05-15,1204,USD,"SEA CFR public reporting (proxy, 2024-2026)",0.9,UP,2.6
R3840,Malaysia,2026-06-15,1244,USD,"SEA CFR public reporting (proxy, 2024-2026)",0.9,UP,3.3
R3840,Malaysia,2026-07-15,1264,USD,"SEA CFR public reporting (proxy, 2024-2026)",0.9,UP,1.6
R3840,Singapore,2025-02-15,1085,USD,"SEA CFR public reporting (proxy, 2024-2026)",0.9,STABLE,0.0
R3840,Singapore,2025-03-15,1090,USD,"SEA CFR public reporting (proxy, 2024-2026)",0.9,STABLE,0.5
R3840,Singapore,2025-04-15,1070,USD,"SEA CFR public reporting (proxy, 2024-2026)",0.9,DOWN,-1.8
R3840,Singapore,2025-05-15,1050,USD,"SEA CFR public reporting (proxy, 2024-2026)",0.9,DOWN,-1.9
R3840,Singapore,2025-06-15,1035,USD,"SEA CFR public reporting (proxy, 2024-2026)",0.9,DOWN,-1.4
R3840,Singapore,2025-07-15,1025,USD,"SEA CFR public reporting (proxy, 2024-2026)",0.9,STABLE,-1.0
R3840,Singapore,2025-08-15,1020,USD,"SEA CFR public reporting (proxy, 2024-2026)",0.9,STABLE,-0.5
R3840,Singapore,2025-09-15,1045,USD,"SEA CFR public reporting (proxy, 2024-2026)",0.9,UP,2.5
R3840,Singapore,2025-10-15,1035,USD,"SEA CFR public reporting (proxy, 2024-2026)",0.9,STABLE,-1.0
R3840,Singapore,2025-11-15,1025,USD,"SEA CFR public reporting (proxy, 2024-2026)",0.9,STABLE,-1.0
R3840,Singapore,2025-12-15,1020,USD,"SEA CFR public reporting (proxy, 2024-2026)",0.9,STABLE,-0.5
R3840,Singapore,2026-01-15,1040,USD,"SEA CFR public reporting (proxy, 2024-2026)",0.9,UP,2.0
R3840,Singapore,2026-02-15,1140,USD,"SEA CFR public reporting (proxy, 2024-2026)",0.9,UP,9.6
R3840,Singapore,2026-03-15,1240,USD,"SEA CFR public reporting (proxy, 2024-2026)",0.9,UP,8.8
R3840,Singapore,2026-04-15,1220,USD,"SEA CFR public reporting (proxy, 2024-2026)",0.9,DOWN,-1.6
R3840,Singapore,2026-05-15,1250,USD,"SEA CFR public reporting (proxy, 2024-2026)",0.9,UP,2.5
R3840,Singapore,2026-06-15,1290,USD,"SEA CFR public reporting (proxy, 2024-2026)",0.9,UP,3.2
R3840,Singapore,2026-07-15,1310,USD,"SEA CFR public reporting (proxy, 2024-2026)",0.9,UP,1.6
P4200,Vietnam,2025-02-15,1158,USD,"SEA CFR public reporting (proxy, 2024-2026)",0.9,STABLE,0.0
P4200,Vietnam,2025-03-15,1163,USD,"SEA CFR public reporting (proxy, 2024-2026)",0.9,STABLE,0.4
P4200,Vietnam,2025-04-15,1143,USD,"SEA CFR public reporting (proxy, 2024-2026)",0.9,DOWN,-1.7
P4200,Vietnam,2025-05-15,1123,USD,"SEA CFR public reporting (proxy, 2024-2026)",0.9,DOWN,-1.7
P4200,Vietnam,2025-06-15,1108,USD,"SEA CFR public reporting (proxy, 2024-2026)",0.9,DOWN,-1.3
P4200,Vietnam,2025-07-15,1098,USD,"SEA CFR public reporting (proxy, 2024-2026)",0.9,STABLE,-0.9
P4200,Vietnam,2025-08-15,1093,USD,"SEA CFR public reporting (proxy, 2024-2026)",0.9,STABLE,-0.5
P4200,Vietnam,2025-09-15,1118,USD,"SEA CFR public reporting (proxy, 2024-2026)",0.9,UP,2.3
P4200,Vietnam,2025-10-15,1108,USD,"SEA CFR public reporting (proxy, 2024-2026)",0.9,STABLE,-0.9
P4200,Vietnam,2025-11-15,1098,USD,"SEA CFR public reporting (proxy, 2024-2026)",0.9,STABLE,-0.9
P4200,Vietnam,2025-12-15,1093,USD,"SEA CFR public reporting (proxy, 2024-2026)",0.9,STABLE,-0.5
P4200,Vietnam,2026-01-15,1113,USD,"SEA CFR public reporting (proxy, 2024-2026)",0.9,UP,1.8
P4200,Vietnam,2026-02-15,1213,USD,"SEA CFR public reporting (proxy, 2024-2026)",0.9,UP,9.0
P4200,Vietnam,2026-03-15,1313,USD,"SEA CFR public reporting (proxy, 2024-2026)",0.9,UP,8.2
P4200,Vietnam,2026-04-15,1293,USD,"SEA CFR public reporting (proxy, 2024-2026)",0.9,DOWN,-1.5
P4200,Vietnam,2026-05-15,1323,USD,"SEA CFR public reporting (proxy, 2024-2026)",0.9,UP,2.3
P4200,Vietnam,2026-06-15,1363,USD,"SEA CFR public reporting (proxy, 2024-2026)",0.9,UP,3.0
P4200,Vietnam,2026-07-15,1383,USD,"SEA CFR public reporting (proxy, 2024-2026)",0.9,UP,1.5
P4200,Indonesia,2025-02-15,1167,USD,"SEA CFR public reporting (proxy, 2024-2026)",0.9,STABLE,0.0
P4200,Indonesia,2025-03-15,1172,USD,"SEA CFR public reporting (proxy, 2024-2026)",0.9,STABLE,0.4
P4200,Indonesia,2025-04-15,1152,USD,"SEA CFR public reporting (proxy, 2024-2026)",0.9,DOWN,-1.7
P4200,Indonesia,2025-05-15,1132,USD,"SEA CFR public reporting (proxy, 2024-2026)",0.9,DOWN,-1.7
P4200,Indonesia,2025-06-15,1117,USD,"SEA CFR public reporting (proxy, 2024-2026)",0.9,DOWN,-1.3
P4200,Indonesia,2025-07-15,1107,USD,"SEA CFR public reporting (proxy, 2024-2026)",0.9,STABLE,-0.9
P4200,Indonesia,2025-08-15,1102,USD,"SEA CFR public reporting (proxy, 2024-2026)",0.9,STABLE,-0.5
P4200,Indonesia,2025-09-15,1127,USD,"SEA CFR public reporting (proxy, 2024-2026)",0.9,UP,2.3
P4200,Indonesia,2025-10-15,1117,USD,"SEA CFR public reporting (proxy, 2024-2026)",0.9,STABLE,-0.9
P4200,Indonesia,2025-11-15,1107,USD,"SEA CFR public reporting (proxy, 2024-2026)",0.9,STABLE,-0.9
P4200,Indonesia,2025-12-15,1102,USD,"SEA CFR public reporting (proxy, 2024-2026)",0.9,STABLE,-0.5
P4200,Indonesia,2026-01-15,1122,USD,"SEA CFR public reporting (proxy, 2024-2026)",0.9,UP,1.8
P4200,Indonesia,2026-02-15,1222,USD,"SEA CFR public reporting (proxy, 2024-2026)",0.9,UP,8.9
P4200,Indonesia,2026-03-15,1322,USD,"SEA CFR public reporting (proxy, 2024-2026)",0.9,UP,8.2
P4200,Indonesia,2026-04-15,1302,USD,"SEA CFR public reporting (proxy, 2024-2026)",0.9,DOWN,-1.5
P4200,Indonesia,2026-05-15,1332,USD,"SEA CFR public reporting (proxy, 2024-2026)",0.9,UP,2.3
P4200,Indonesia,2026-06-15,1372,USD,"SEA CFR public reporting (proxy, 2024-2026)",0.9,UP,3.0
P4200,Indonesia,2026-07-15,1392,USD,"SEA CFR public reporting (proxy, 2024-2026)",0.9,UP,1.5
P4200,Thailand,2025-02-15,1148,USD,"SEA CFR public reporting (proxy, 2024-2026)",0.9,STABLE,0.0
P4200,Thailand,2025-03-15,1153,USD,"SEA CFR public reporting (proxy, 2024-2026)",0.9,STABLE,0.4
P4200,Thailand,2025-04-15,1133,USD,"SEA CFR public reporting (proxy, 2024-2026)",0.9,DOWN,-1.7
P4200,Thailand,2025-05-15,1113,USD,"SEA CFR public reporting (proxy, 2024-2026)",0.9,DOWN,-1.8
P4200,Thailand,2025-06-15,1098,USD,"SEA CFR public reporting (proxy, 2024-2026)",0.9,DOWN,-1.3
P4200,Thailand,2025-07-15,1088,USD,"SEA CFR public reporting (proxy, 2024-2026)",0.9,STABLE,-0.9
P4200,Thailand,2025-08-15,1083,USD,"SEA CFR public reporting (proxy, 2024-2026)",0.9,STABLE,-0.5
P4200,Thailand,2025-09-15,1108,USD,"SEA CFR public reporting (proxy, 2024-2026)",0.9,UP,2.3
P4200,Thailand,2025-10-15,1098,USD,"SEA CFR public reporting (proxy, 2024-2026)",0.9,STABLE,-0.9
P4200,Thailand,2025-11-15,1088,USD,"SEA CFR public reporting (proxy, 2024-2026)",0.9,STABLE,-0.9
P4200,Thailand,2025-12-15,1083,USD,"SEA CFR public reporting (proxy, 2024-2026)",0.9,STABLE,-0.5
P4200,Thailand,2026-01-15,1103,USD,"SEA CFR public reporting (proxy, 2024-2026)",0.9,UP,1.8
P4200,Thailand,2026-02-15,1203,USD,"SEA CFR public reporting (proxy, 2024-2026)",0.9,UP,9.1
P4200,Thailand,2026-03-15,1303,USD,"SEA CFR public reporting (proxy, 2024-2026)",0.9,UP,8.3
P4200,Thailand,2026-04-15,1283,USD,"SEA CFR public reporting (proxy, 2024-2026)",0.9,DOWN,-1.5
P4200,Thailand,2026-05-15,1313,USD,"SEA CFR public reporting (proxy, 2024-2026)",0.9,UP,2.3
P4200,Thailand,2026-06-15,1353,USD,"SEA CFR public reporting (proxy, 2024-2026)",0.9,UP,3.0
P4200,Thailand,2026-07-15,1373,USD,"SEA CFR public reporting (proxy, 2024-2026)",0.9,UP,1.5
P4200,Malaysia,2025-02-15,1121,USD,"SEA CFR public reporting (proxy, 2024-2026)",0.9,STABLE,0.0
P4200,Malaysia,2025-03-15,1126,USD,"SEA CFR public reporting (proxy, 2024-2026)",0.9,STABLE,0.4
P4200,Malaysia,2025-04-15,1106,USD,"SEA CFR public reporting (proxy, 2024-2026)",0.9,DOWN,-1.8
P4200,Malaysia,2025-05-15,1086,USD,"SEA CFR public reporting (proxy, 2024-2026)",0.9,DOWN,-1.8
P4200,Malaysia,2025-06-15,1071,USD,"SEA CFR public reporting (proxy, 2024-2026)",0.9,DOWN,-1.4
P4200,Malaysia,2025-07-15,1061,USD,"SEA CFR public reporting (proxy, 2024-2026)",0.9,STABLE,-0.9
P4200,Malaysia,2025-08-15,1056,USD,"SEA CFR public reporting (proxy, 2024-2026)",0.9,STABLE,-0.5
P4200,Malaysia,2025-09-15,1081,USD,"SEA CFR public reporting (proxy, 2024-2026)",0.9,UP,2.4
P4200,Malaysia,2025-10-15,1071,USD,"SEA CFR public reporting (proxy, 2024-2026)",0.9,STABLE,-0.9
P4200,Malaysia,2025-11-15,1061,USD,"SEA CFR public reporting (proxy, 2024-2026)",0.9,STABLE,-0.9
P4200,Malaysia,2025-12-15,1056,USD,"SEA CFR public reporting (proxy, 2024-2026)",0.9,STABLE,-0.5
P4200,Malaysia,2026-01-15,1076,USD,"SEA CFR public reporting (proxy, 2024-2026)",0.9,UP,1.9
P4200,Malaysia,2026-02-15,1176,USD,"SEA CFR public reporting (proxy, 2024-2026)",0.9,UP,9.3
P4200,Malaysia,2026-03-15,1276,USD,"SEA CFR public reporting (proxy, 2024-2026)",0.9,UP,8.5
P4200,Malaysia,2026-04-15,1256,USD,"SEA CFR public reporting (proxy, 2024-2026)",0.9,DOWN,-1.6
P4200,Malaysia,2026-05-15,1286,USD,"SEA CFR public reporting (proxy, 2024-2026)",0.9,UP,2.4
P4200,Malaysia,2026-06-15,1326,USD,"SEA CFR public reporting (proxy, 2024-2026)",0.9,UP,3.1
P4200,Malaysia,2026-07-15,1346,USD,"SEA CFR public reporting (proxy, 2024-2026)",0.9,UP,1.5
P4200,Singapore,2025-02-15,1184,USD,"SEA CFR public reporting (proxy, 2024-2026)",0.9,STABLE,0.0
P4200,Singapore,2025-03-15,1189,USD,"SEA CFR public reporting (proxy, 2024-2026)",0.9,STABLE,0.4
P4200,Singapore,2025-04-15,1169,USD,"SEA CFR public reporting (proxy, 2024-2026)",0.9,DOWN,-1.7
P4200,Singapore,2025-05-15,1149,USD,"SEA CFR public reporting (proxy, 2024-2026)",0.9,DOWN,-1.7
P4200,Singapore,2025-06-15,1134,USD,"SEA CFR public reporting (proxy, 2024-2026)",0.9,DOWN,-1.3
P4200,Singapore,2025-07-15,1124,USD,"SEA CFR public reporting (proxy, 2024-2026)",0.9,STABLE,-0.9
P4200,Singapore,2025-08-15,1119,USD,"SEA CFR public reporting (proxy, 2024-2026)",0.9,STABLE,-0.4
P4200,Singapore,2025-09-15,1144,USD,"SEA CFR public reporting (proxy, 2024-2026)",0.9,UP,2.2
P4200,Singapore,2025-10-15,1134,USD,"SEA CFR public reporting (proxy, 2024-2026)",0.9,STABLE,-0.9
P4200,Singapore,2025-11-15,1124,USD,"SEA CFR public reporting (proxy, 2024-2026)",0.9,STABLE,-0.9
P4200,Singapore,2025-12-15,1119,USD,"SEA CFR public reporting (proxy, 2024-2026)",0.9,STABLE,-0.4
P4200,Singapore,2026-01-15,1139,USD,"SEA CFR public reporting (proxy, 2024-2026)",0.9,UP,1.8
P4200,Singapore,2026-02-15,1239,USD,"SEA CFR public reporting (proxy, 2024-2026)",0.9,UP,8.8
P4200,Singapore,2026-03-15,1339,USD,"SEA CFR public reporting (proxy, 2024-2026)",0.9,UP,8.1
P4200,Singapore,2026-04-15,1319,USD,"SEA CFR public reporting (proxy, 2024-2026)",0.9,DOWN,-1.5
P4200,Singapore,2026-05-15,1349,USD,"SEA CFR public reporting (proxy, 2024-2026)",0.9,UP,2.3
P4200,Singapore,2026-06-15,1389,USD,"SEA CFR public reporting (proxy, 2024-2026)",0.9,UP,3.0
P4200,Singapore,2026-07-15,1409,USD,"SEA CFR public reporting (proxy, 2024-2026)",0.9,UP,1.4
